name,count
house,1106
lofi,892
lofi house,382
chill,298
house lofi,224
chill house,149
music,133
deep,131
radio,119
playlist,107
hop,103
beats,101
house chill,89
jazz,87
hip,86
hip hop,84
deep house,80
mix,74
href,69
vibes,67
techno,66
study,66
spotify,64
amp,57
chilled,55
spotify playlist,49
lounge,46
href spotify,45
lofi hip,44
funky,41
jazz house,41
house music,41
disco,39
lofi radio,39
house mix,36
houses,33
chill lofi,33
chilled house,32
relax,31
songs,31
electronic,29
tracks,27
house house,27
hiphop,25
emblem,25
house deep,25
lofi chill,25
emblem houses,25
houses lofi,25
version,24
jazzy,23
chillhop,22
coffee,22
house study,22
version radio,22
dance,21
updated,21
night,21
minimal,21
ambient,21
curated,21
radio lofi,21
lofi lofi,21
house chilled,21
tech,20
soul,20
house radio,20
lofi version,20
grooves,19
perfect,19
rap,19
lofi deep,19
funky house,19
house techno,19
hop lofi,19
summer,18
groovy,18
remix,18
house jazz,18
lofi beats,18
relaxing,17
soft,17
sleep,17
soulful,17
bass,16
classics,16
funk,16
weekly,16
beats lofi,16
enjoy,15
sounds,15
melodic,15
picked,15
chillout,15
work,15
techno lofi,15
music lofi,15
house playlist,15
lofi hiphop,15
artists,14
selection,14
focus,14
bar,14
house lounge,14
music picked,14
coffee house,14
remix radio,14
tunes,13
garage,13
instagram,13
good,13
instrumental,13
studying,13
slow,13
cover,13
downtempo,13
smooth,13
background,13
float,13
bangers,12
electro,12
liquid,12
club,12
pop,12
upbeat,12
vgm,12
lofi techno,12
lofi jazz,12
mall,11
grab,11
covers,11
edm,11
mix lofi,11
soft house,11
updated weekly,11
hop chill,11
vibes lofi,11
float house,11
lofi vgm,11
house remix,11
friends,10
follow,10
electronica,10
party,10
submit,10
day,10
dnb,10
trip,10
collection,10
groove,10
stay,10
slofi,10
nara,10
park,10
mall grab,10
chill beats,10
study relax,10
lofi vibes,10
house beats,10
study lofi,10
hop beats,10
stay house,10
radio slofi,10
slofi nara,10
nara park,10
park lofi,10
baltra,9
stoner,9
laid,9
underground,9
progressive,9
acid,9
remixes,9
afro,9
tropical,9
dub,9
outsider,9
big,9
sound,9
piano,9
hollts,9
owl,9
playlist lofi,9
radio chill,9
amp lofi,9
tech house,9
beats study,9
owl house,9
working,8
low,8
late,8
missing,8
jazzhop,8
uplifting,8
cafe,8
happy,8
rain,8
time,8
vibe,8
ai,8
feel,8
breaks,8
otaku,8
hapspee,8
stoner house,8
disco house,8
house tunes,8
playlist chill,8
house disco,8
soulful house,8
lofi covers,8
mix curated,8
piano house,8
guy,7
katarakt,7
dreamy,7
drum,7
love,7
organic,7
beach,7
mood,7
indie,7
dark,7
morning,7
type,7
listening,7
breakbeat,7
plusbelle,7
kanjigo,7
chill vibes,7
house melodic,7
lounge house,7
beats chill,7
lofi music,7
house jazzy,7
background music,7
house vibes,7
house bangers,7
mix chill,7
outsider house,7
lofi chillhop,7
house grooves,7
house groovy,7
trip hop,7
chill hop,7
radio plusbelle,7
plusbelle hapspee,7
hapspee kanjigo,7
poolboi,6
ross,6
boring,6
lowfi,6
youtube,6
slim,6
hustla,6
slav,6
moments,6
school,6
vinyl,6
gmail,6
cocktail,6
fashion,6
deephouse,6
carefully,6
mellow,6
detroit,6
wave,6
hours,6
listen,6
link,6
synthwave,6
life,6
beat,6
quot,6
dubstep,6
place,6
collosia,6
poke,6
attiki,6
ross friends,6
house tracks,6
slim hustla,6
house classics,6
lofi rap,6
hop amp,6
chill deep,6
house hip,6
house electronic,6
curated spotify,6
spotify ai,6
jazzy house,6
deep amp,6
lofi disco,6
lofi playlist,6
dance house,6
radio collosia,6
collosia poke,6
poke otaku,6
otaku attiki,6
featuring,5
laurence,5
hidden,5
open,5
submissions,5
style,5
sunflwr,5
real,5
records,5
reading,5
hotel,5
calm,5
popular,5
rnb,5
video,5
classical,5
dragon,5
christian,5
set,5
playlists,5
shuffle,5
rave,5
essential,5
tape,5
artist,5
future,5
girl,5
japanese,5
cozy,5
jungle,5
vocals,5
sunset,5
gods,5
drive,5
welofi,5
awakening,5
frostfm,5
xtha,5
laurence guy,5
href open,5
open spotify,5
beats house,5
relax chill,5
late night,5
chilled lofi,5
house soft,5
house summer,5
summer house,5
groovy house,5
organic house,5
drum bass,5
sounds lofi,5
cocktail bar,5
liquid dnb,5
music chill,5
popular songs,5
house amp,5
jazz lofi,5
good vibes,5
house funky,5
house afro,5
house href,5
chill electronica,5
relax study,5
funk house,5
deep tech,5
essential tracks,5
tracks playlist,5
lofi sleep,5
house float,5
lofi remix,5
house hollts,5
dance lofi,5
mix href,5
house selection,5
lofi pop,5
link awakening,5
awakening lofi,5
radio frostfm,5
frostfm xtha,5
fresh,4
folamour,4
rest,4
retro,4
wine,4
week,4
chillhouse,4
yoga,4
nu,4
modern,4
infused,4
game,4
productive,4
vocal,4
anthems,4
folk,4
sit,4
lyrics,4
bossa,4
afrobeat,4
raw,4
warm,4
user,4
state,4
trap,4
jackin,4
selected,4
finest,4
housey,4
dive,4
classic,4
bit,4
everynoise,4
michael,4
ancient,4
blend,4
black,4
things,4
drill,4
sun,4
sad,4
cyberpunk,4
edgerunners,4
independeners,4
kamal,4
msk,4
nina,4
reggaeton,4
deep grooves,4
house tech,4
tech lofi,4
house lowfi,4
house underground,4
href instagram,4
bass lofi,4
jazz vibes,4
melodic techno,4
picked lofi,4
house focus,4
vinyl house,4
lofi minimal,4
minimal deep,4
house party,4
minimal house,4
lofi summer,4
house downtempo,4
music house,4
house anthems,4
melodic house,4
electronic lofi,4
deep lofi,4
collection lofi,4
soul house,4
lofi study,4
vibes chill,4
summer lofi,4
lofi edm,4
lofi classics,4
electronic href,4
study house,4
lofi remixes,4
hollts hollts,4
study beats,4
beats href,4
studying working,4
lofi float,4
electro hip,4
tropical house,4
house cyberpunk,4
cyberpunk edgerunners,4
edgerunners lofi,4
radio independeners,4
independeners kamal,4
kamal msk,4
synthwave lofi,4
pop dance,4
afro rap,4
rap reggaeton,4
chaos,3
cbd,3
spheres,3
distorted,3
rough,3
artwork,3
harrison,3
gritty,3
vintage,3
regularly,3
watch,3
russian,3
aedidias,3
paperkraft,3
laidback,3
label,3
sleeping,3
atmospheric,3
lobby,3
bars,3
lazy,3
tribal,3
ethnic,3
ibiza,3
beautiful,3
famous,3
shoegaze,3
poolside,3
check,3
hits,3
del,3
click,3
submission,3
genre,3
cooking,3
idm,3
energy,3
musica,3
para,3
cassette,3
great,3
gems,3
moody,3
tears,3
drop,3
mark,3
houseum,3
chicago,3
true,3
pulse,3
phonk,3
concentration,3
flow,3
send,3
group,3
tapes,3
running,3
realm,3
soundtrack,3
york,3
cute,3
cat,3
snail,3
reggae,3
requests,3
aesthetic,3
favorites,3
rock,3
edge,3
space,3
add,3
die,3
pool,3
chillstep,3
rainy,3
contact,3
save,3
pretty,3
zara,3
goth,3
soothing,3
tom,3
blue,3
grime,3
midnight,3
session,3
jesse,3
nostalgia,3
stuff,3
loft,3
art,3
ya,3
omar,3
floaty,3
wax,3
boogie,3
city,3
paradise,3
class,3
sam,3
housework,3
genres,3
shinra,3
dwellings,3
tanoshi,3
mito,3
namikawa,3
wlhr,3
promise,3
flora,3
dreamers,3
theme,3
legend,3
zelda,3
nightcore,3
hidden spheres,3
gritty house,3
perfect playlist,3
updated regularly,3
follow href,3
house liquid,3
house acid,3
acid house,3
relaxing house,3
acid techno,3
relax lofi,3
hop music,3
instrumental house,3
lofi stoner,3
slow lofi,3
house minimal,3
minimal lofi,3
soul funk,3
house organic,3
relax focus,3
house soulful,3
house relax,3
amp house,3
house studying,3
ambient electronic,3
electronic sounds,3
house cocktail,3
smooth house,3
lofi amp,3
house deephouse,3
lofi progressive,3
smooth beats,3
vocal house,3
house covers,3
carefully curated,3
ambient lofi,3
hiphop beats,3
relaxing lofi,3
house dragon,3
dragon lofi,3
chill music,3
hop soul,3
music relaxing,3
deep smooth,3
weekly updated,3
house outsider,3
house missing,3
baltra tears,3
house stoner,3
amp techno,3
dnb lofi,3
weekly deep,3
jazzy lofi,3
study chill,3
lofi relax,3
house wave,3
calm house,3
hop hip,3
house tape,3
future garage,3
upbeat lofi,3
funky disco,3
beats jazzy,3
jazzy vibes,3
jazzhop lofi,3
happy lofi,3
snail house,3
feel happy,3
upbeat house,3
lofi girl,3
classics lofi,3
playlist japanese,3
house edm,3
disco lofi,3
lofi funky,3
party lofi,3
feel good,3
href bit,3
sleep lofi,3
lofi cover,3
hollts lofi,3
lofi coffee,3
chill mix,3
progressive house,3
vibes mix,3
lofi mix,3
funky deep,3
downtempo lofi,3
lofi dance,3
funk lofi,3
rap lofi,3
welofi welofi,3
disco deep,3
house breakbeat,3
songs studying,3
house songs,3
disco funk,3
lofi dub,3
rain lofi,3
chill chill,3
beat house,3
house sounds,3
lofi rain,3
lofi lounge,3
hiphop lofi,3
chill study,3
hop rap,3
lofi dubstep,3
hiphop chill,3
chilled beats,3
house stay,3
house owl,3
dwellings ancient,3
ancient gods,3
gods emblem,3
radio tanoshi,3
tanoshi mito,3
mito namikawa,3
namikawa wlhr,3
promise emblem,3
legend zelda,3
zelda link,3
kanjigo chill,3
place rest,3
rest emblem,3
edges,2
updating,2
luv,2
edition,2
lovers,2
bdp,2
hard,2
dancing,2
sky,2
patrollin,2
endofthestory,2
dos,2
infectious,2
record,2
nostalgic,2
mind,2
key,2
luxury,2
sort,2
latest,2
finds,2
updates,2
loods,2
picture,2
purple,2
machine,2
kiffen,2
code,2
haze,2
elevator,2
versions,2
remakes,2
mtv,2
downtown,2
triphop,2
john,2
porno,2
boning,2
inspired,2
games,2
afrobeats,2
includes,2
press,2
demos,2
energetic,2
chilling,2
dinner,2
thrones,2
devoted,2
swing,2
books,2
rococo,2
mystic,2
asian,2
balearic,2
middle,2
moon,2
embrace,2
jliskmusic,2
kettenkarussell,2
punk,2
official,2
mixture,2
silk,2
stussy,2
djoko,2
era,2
noisy,2
mosley,2
goodmood,2
ting,2
head,2
ride,2
emotional,2
sophisticated,2
intertwine,2
creating,2
tranquil,2
atmospheres,2
thisisthreadmusic,2
housie,2
vibin,2
comfy,2
bad,2
song,2
psychedelic,2
trippy,2
beatz,2
bedroom,2
chillwave,2
electropop,2
thicc,2
cage,2
considered,2
picks,2
intro,2
filter,2
experimental,2
play,2
dreaming,2
files,2
aka,2
studio,2
evenings,2
parties,2
create,2
meet,2
people,2
nova,2
gentle,2
lotr,2
hack,2
car,2
workout,2
sessions,2
sleepy,2
stone,2
dean,2
james,2
vapor,2
dirty,2
bumps,2
wanna,2
lost,2
rhythm,2
shit,2
sunday,2
god,2
sci,2
electric,2
melodies,2
vaporwave,2
kids,2
spirit,2
jam,2
gt,2
selects,2
including,2
paluma,2
essentials,2
relaxed,2
gym,2
loops,2
bru,2
sampled,2
fidde,2
edit,2
dont,2
feat,2
stonerhouse,2
lower,2
oliver,2
upstairs,2
rising,2
dawn,2
established,2
synth,2
ultimate,2
office,2
favourite,2
lowkey,2
instrumentals,2
african,2
computer,2
data,2
ready,2
cool,2
hacking,2
light,2
goodbye,2
frankie,2
marc,2
kraken,2
spoti,2
tea,2
gramatik,2
tailor,2
kognitif,2
giagantic,2
naaz,2
lights,2
proleter,2
poldoore,2
ratatat,2
belgique,2
greek,2
vrv,2
pavrov,2
stelar,2
jamie,2
berry,2
jk,2
apanemic,2
travelling,2
nym,2
roger,2
moles,2
degiheugi,2
feeling,2
tokyo,2
included,2
fusion,2
lofihouse,2
tunnel,2
kick,2
unwind,2
playlistdjs,2
university,2
dazed,2
extended,2
complete,2
easy,2
dm,2
dreamhop,2
daily,2
fest,2
tree,2
foreteller,2
pen,2
simple,2
alkaline,2
british,2
boombap,2
fodlan,2
winds,2
crowcovers,2
gulino,2
nodbard,2
lee,2
memories,2
frogbeats,2
vip,2
swattrex,2
deepanshu,2
ruhela,2
kritiman,2
mishra,2
enna,2
pure,2
crest,2
flames,2
ghost,2
lucas,2
cooper,2
youth,2
generous,2
margins,2
healing,2
lord,2
rings,2
eda,2
requiem,2
evan,2
remains,2
superchaoscontrol,2
evita,2
gultom,2
factory,2
glass,2
lonelyboy,2
louisette,2
elektro,2
thada,2
jeruson,2
ak,2
surya,2
nai,2
luvbyrd,2
kurochuu,2
cadred,2
rondo,2
ponyo,2
astronaut,2
bram,2
gaming,2
streaming,2
main,2
inside,2
sweely,2
insta,2
ww,2
musiqueslibrededroit,2
chaos cbd,2
cbd laurence,2
rough edges,2
mix stoner,2
house edition,2
house electro,2
house garage,2
grab harrison,2
harrison bdp,2
lounge music,2
instagram lofi,2
music relax,2
youtube watch,2
music artists,2
night grooves,2
house progressive,2
night patrollin,2
aedidias real,2
real friends,2
record label,2
liquid drum,2
drum amp,2
amp bass,2
vibes chilled,2
music disco,2
house relaxing,2
soft chill,2
sleep study,2
chillhop hiphop,2
lounge studying,2
reading working,2
music laidback,2
moments house,2
low key,2
vibes retro,2
retro house,2
house school,2
school house,2
lounge lofi,2
school deep,2
summer vibes,2
wine bars,2
chill lazy,2
lazy slow,2
beats laid,2
laid moments,2
moments lofi,2
lofi jazzhop,2
techno mix,2
techno music,2
funky groovy,2
beats yoga,2
house nu,2
nu disco,2
disco funky,2
purple disco,2
disco machine,2
gmail lofi,2
lofi drum,2
hop radio,2
house kiffen,2
kiffen beats,2
relax house,2
chill relax,2
music weekly,2
house ambient,2
electronic chill,2
bar lounge,2
bar vibes,2
vibes lounge,2
house smooth,2
music background,2
lofi garage,2
covers popular,2
rnb music,2
instrumental beats,2
mtv downtown,2
fashion lofi,2
techno techno,2
house club,2
club house,2
uplifting soulful,2
slow groovy,2
groovy porno,2
porno house,2
progressive boning,2
boning music,2
video game,2
cover songs,2
video games,2
studying chill,2
chilled funky,2
songs smooth,2
house cafe,2
cafe del,2
chillout house,2
beach club,2
sit relax,2
includes artists,2
house press,2
press follow,2
follow chill,2
afro house,2
house updated,2
beats electronic,2
upbeat classical,2
groovy jazz,2
mix deep,2
house perfect,2
hop chillhop,2
relax sleep,2
house tropical,2
songs perfect,2
game thrones,2
thrones lofi,2
time lofi,2
christian chill,2
electronica deep,2
rococo music,2
mystic trip,2
ethnic house,2
asian lofi,2
tribal ambient,2
lofi grooves,2
house dance,2
relaxing music,2
study music,2
mix house,2
house cassette,2
house collection,2
missing baltra,2
tears drop,2
house chicago,2
chicago detroit,2
detroit style,2
techno chill,2
music jazz,2
jazz deep,2
house vinyl,2
house sleep,2
official playlist,2
electronic music,2
techno dreamy,2
dreamy funky,2
funky techno,2
techno work,2
work study,2
perfect background,2
vibes techno,2
curated selection,2
downtempo chill,2
funky jazz,2
carefully selected,2
funky jazzy,2
enjoy playlist,2
house coffee,2
minimal techno,2
lofi dnb,2
mood relaxing,2
house lyrics,2
groove lounge,2
jazz chill,2
jazz smooth,2
lofi background,2
hiphop hip,2
hop essential,2
chill jazz,2
house tapes,2
tapes breaks,2
breaks beats,2
tape noisy,2
noisy gritty,2
music artist,2
artist mosley,2
mosley laurence,2
guy amp,2
amp sunflwr,2
sunflwr ross,2
friends goodmood,2
goodmood updated,2
garage lofi,2
lofi liquid,2
lounge dive,2
dive sophisticated,2
sophisticated realm,2
realm jazz,2
lounge smooth,2
vibes intertwine,2
intertwine creating,2
creating perfect,2
perfect soundtrack,2
soundtrack tranquil,2
tranquil moments,2
moments laid,2
laid atmospheres,2
atmospheres thisisthreadmusic,2
tunes perfect,2
lofi housie,2
housie vibin,2
dark cat,2
psychedelic trippy,2
trippy dreamy,2
dreamy chill,2
electronica beatz,2
beatz lofi,2
lofi reggae,2
reggae bedroom,2
bedroom pop,2
pop indie,2
indie hip,2
hop chillwave,2
chillwave shoegaze,2
shoegaze electropop,2
electropop chill,2
chill wave,2
wave house,2
wave folk,2
folk submit,2
submit requests,2
requests thicc,2
thicc cage,2
cage follow,2
follow spotify,2
spotify submission,2
submission considered,2
lofi night,2
night mix,2
chillhop chill,2
chill hip,2
picks lofi,2
favorites lofi,2
bit lofi,2
house remixes,2
remixes lofi,2
playlist intro,2
intro href,2
playlist pulse,2
pulse href,2
playlist edge,2
edge href,2
playlist filter,2
filter href,2
playlist sounds,2
sounds href,2
playlist electronic,2
href everynoise,2
everynoise everynoise,2
dreaming files,2
house funk,2
funk jazz,2
deep funky,2
lofi party,2
nu jazz,2
groove jazz,2
pool parties,2
cozy coffee,2
study sleep,2
bossa nova,2
sleep music,2
songs lofi,2
hop playlist,2
updated deep,2
lounge bar,2
enjoy chill,2
vapor house,2
jazzy funky,2
background beats,2
collection music,2
missing tracks,2
tracks lofi,2
coffee lofi,2
lofi bangers,2
cassette tape,2
tape bumps,2
night house,2
vibes set,2
curated playlist,2
morning house,2
gods house,2
slow house,2
lofi sci,2
house electric,2
house fashion,2
fashion week,2
techno house,2
indie goth,2
focus house,2
house instrumental,2
minimal progressive,2
disco chill,2
deep soulful,2
soulful lofi,2
vibes house,2
soothing lofi,2
lofi upbeat,2
house reading,2
breakbeat ambient,2
curated ai,2
big collection,2
lofi drill,2
enjoy life,2
gym lofi,2
edm lofi,2
house midnight,2
jesse bru,2
sampled house,2
slav lofi,2
mix youtube,2
midnight drive,2
drive house,2
house bass,2
house type,2
instrumental hip,2
ambient house,2
melodic lofi,2
established artists,2
lofi funk,2
afrobeat instrumentals,2
computer data,2
breakbeat lofi,2
downtempo lounge,2
chill piano,2
hop funky,2
chillhop lofi,2
remixes popular,2
house upbeat,2
running late,2
playlist slow,2
lofi songs,2
bass house,2
boring goodbye,2
goodbye michael,2
ya ya,2
weekly lofi,2
house night,2
techno amp,2
floaty house,2
kraken lofi,2
productive session,2
href spoti,2
jazz hop,2
chill sleep,2
chill sunset,2
sunset place,2
playlist study,2
chillhop href,2
lofi electro,2
beats electro,2
hop classics,2
classics chill,2
amp beats,2
beats gramatik,2
gramatik wax,2
wax tailor,2
tailor kognitif,2
kognitif big,2
big giagantic,2
giagantic naaz,2
naaz pretty,2
pretty lights,2
lights proleter,2
proleter poldoore,2
poldoore ratatat,2
ratatat boogie,2
boogie belgique,2
belgique greek,2
greek vrv,2
vrv pavrov,2
pavrov stelar,2
stelar jamie,2
jamie berry,2
berry jk,2
jk soul,2
soul apanemic,2
apanemic travelling,2
travelling day,2
day nym,2
nym roger,2
roger moles,2
moles degiheugi,2
degiheugi lofi,2
lofi chilled,2
house soul,2
soul chill,2
ai lofi,2
lounge chill,2
hop dubstep,2
dubstep beats,2
covers lofi,2
playlist radio,2
mix enjoy,2
beats relax,2
jackin lofi,2
music playlistdjs,2
lofi university,2
rap chill,2
house trip,2
grooves breaks,2
easy listening,2
mellow house,2
lofi loft,2
classic house,2
hours lofi,2
chill radio,2
hop british,2
british rap,2
fodlan winds,2
radio crowcovers,2
crowcovers christian,2
christian gulino,2
gulino nodbard,2
radio lee,2
memories lofi,2
slow chill,2
jazz dance,2
study jazz,2
playlist frogbeats,2
guy lofi,2
house vip,2
vip radio,2
radio swattrex,2
swattrex deepanshu,2
deepanshu ruhela,2
ruhela kritiman,2
kritiman mishra,2
mishra lofi,2
classics radio,2
msk chill,2
crest flames,2
flames emblem,2
vgm dwellings,2
ghost house,2
radio lucas,2
lucas cooper,2
cooper user,2
user youth,2
youth generous,2
generous margins,2
houses healing,2
healing lord,2
lord rings,2
rings lofi,2
house eda,2
eda requiem,2
requiem lofi,2
evan remains,2
remains houses,2
radio superchaoscontrol,2
superchaoscontrol evita,2
evita gultom,2
gultom factory,2
factory flora,2
glass house,2
radio lonelyboy,2
lonelyboy louisette,2
louisette dreamers,2
dreamers chill,2
beats radio,2
radio jeruson,2
jeruson nina,2
nina sam,2
sam ak,2
ak surya,2
radio luvbyrd,2
luvbyrd kurochuu,2
kurochuu cadred,2
rain emblem,2
house legend,2
ponyo lofi,2
chill astronaut,2
astronaut bram,2
bram shinra,2
radio sad,2
sad music,2
chillhop gaming,2
gaming streaming,2
streaming work,2
work music,2
houses main,2
main theme,2
cover radio,2
inside houses,2
vibes curated,2
nina nostalgia,2
paradise drive,2
drive lofi,2
mix hours,2
big mood,2
music synthwave,2
reggaeton amp,2
amp contact,2
contact gmail,2
gmail insta,2
insta ww,2
ww musiqueslibrededroit,2
aleksandir,1
dead,1
housette,1
bcn,1
exe,1
cinema,1
quartier,1
latin,1
project,1
pablo,1
demuja,1
random,1
streaks,1
coeo,1
leo,1
pol,1
pamplemousseagency,1
fine,1
fidelity,1
felipe,1
gordon,1
luck,1
absolute,1
pinnacle,1
production,1
melt,1
exam,1
success,1
guaranteed,1
secret,1
plug,1
whatsoever,1
talking,1
jacopo,1
sb,1
amber,1
slick,1
manoeuvres,1
constant,1
limits,1
delivered,1
urbnundrgrnds,1
urbanundergrounds,1
fantasticmusique,1
fantastic,1
influences,1
tempo,1
stress,1
relief,1
slinky,1
trendy,1
tik,1
tok,1
variation,1
lift,1
ethno,1
meditation,1
anotr,1
dull,1
defected,1
glitterbox,1
guettapen,1
prinz,1
techo,1
cerebral,1
enhance,1
diverse,1
enveloping,1
minimalism,1
headspace,1
food,1
thought,1
thinking,1
jazztronica,1
nerds,1
contemporary,1
sorts,1
fit,1
perfectly,1
skater,1
alt,1
rooftop,1
jacuzzi,1
restaurants,1
erotic,1
clubs,1
clothing,1
stores,1
diplo,1
acraze,1
summit,1
weiss,1
disclosure,1
fisher,1
piero,1
pirupa,1
warner,1
case,1
cloonee,1
tibask,1
toneden,1
post,1
headroom,1
designed,1
chilltendo,1
softhouse,1
marina,1
wake,1
surf,1
arabic,1
violin,1
branko,1
valentino,1
sango,1
carmack,1
asra,1
asrarecords,1
fast,1
juicy,1
keeping,1
bodies,1
moving,1
tags,1
brasil,1
brazil,1
baets,1
lfoi,1
hanging,1
conquering,1
westeros,1
chillastronautmusic,1
manually,1
plalylist,1
baroque,1
scandinavian,1
solely,1
felt,1
idea,1
cruising,1
sondae,1
brought,1
mantra,1
indian,1
earthy,1
nightfall,1
east,1
buddha,1
chillness,1
california,1
miami,1
terrace,1
relajante,1
descansar,1
aliviar,1
estres,1
reducir,1
ansiedad,1
estudiar,1
leer,1
dormir,1
fondo,1
sentirse,1
feliz,1
positivo,1
ambiental,1
seinfeld,1
suggetions,1
lofihousecassette,1
angelojsn,1
commute,1
crunchy,1
tinyurl,1
inagawa,1
selfless,1
locklead,1
playground,1
laird,1
tu,1
manques,1
mumu,1
change,1
moteur,1
crinan,1
jeti,1
deejay,1
astral,1
sweetness,1
daft,1
horizon,1
amazing,1
support,1
amphetamine,1
salts,1
ukg,1
founder,1
temple,1
host,1
aaja,1
voices,1
keakie,1
curator,1
templebeats,1
synthesis,1
eastern,1
beast,1
progresive,1
styles,1
oxsrecords,1
gareth,1
vapourwave,1
flowy,1
witch,1
rhythms,1
afternoon,1
fans,1
anjunadeep,1
armada,1
submithub,1
graduated,1
college,1
coco,1
mediterranean,1
sunsets,1
vacation,1
times,1
hottest,1
oden,1
fatzo,1
chris,1
ranger,1
trucco,1
restaurant,1
stylish,1
boom,1
bap,1
golden,1
soho,1
streams,1
everyday,1
stats,1
guys,1
ronimartinezofficial,1
flat,1
choll,1
shenanigans,1
afters,1
basically,1
bumping,1
originally,1
bus,1
sbhp,1
sunny,1
bouncy,1
reddit,1
fuck,1
tin,1
crunchybeats,1
ibz,1
bpm,1
tht,1
midday,1
biggest,1
repeat,1
guarantee,1
creators,1
oneul,1
supposed,1
releases,1
vibirition,1
pre,1
drinks,1
gathering,1
ben,1
jammin,1
sesh,1
spaced,1
kuma,1
hardstyle,1
metal,1
eletro,1
norwegian,1
brasileira,1
chilena,1
boston,1
lithuanian,1
jack,1
marlow,1
dayorevening,1
special,1
featured,1
channels,1
instro,1
diepe,1
hele,1
mikmak,1
achtergrond,1
plaatjes,1
voor,1
tijdens,1
heuuurrrliikke,1
zonnige,1
daagjes,1
photograph,1
bernstein,1
vibez,1
vari,1
jass,1
intelligent,1
chinese,1
proverb,1
hydrate,1
intersection,1
silly,1
cases,1
writing,1
legal,1
advice,1
imaginary,1
flamenco,1
star,1
wars,1
amelie,1
italian,1
movie,1
scores,1
elliott,1
smith,1
hook,1
nintendo,1
planet,1
jb,1
bringing,1
expect,1
jamiroquai,1
shapeshifters,1
knight,1
armand,1
van,1
helden,1
martin,1
eigenberg,1
candi,1
staton,1
fruits,1
driven,1
rides,1
loficollegeradio,1
nation,1
ims,1
feelings,1
chills,1
spotilisted,1
kygo,1
angus,1
julia,1
lewis,1
carter,1
chainsmokers,1
vaporhouse,1
worn,1
century,1
wonky,1
cocktails,1
brunch,1
shop,1
vi,1
track,1
musictangerina,1
linktr,1
tangerinamusic,1
tangerina,1
links,1
bits,1
utility,1
vests,1
inn,1
ended,1
colly,1
drinking,1
bless,1
ears,1
blud,1
daylist,1
leftfield,1
tone,1
explore,1
caffeine,1
und,1
anderer,1
needed,1
ass,1
prob,1
fave,1
swinging,1
trancey,1
afrohouse,1
jonahtuska,1
sunniest,1
grooviest,1
catwalk,1
pfw,1
paris,1
runway,1
microhouse,1
buftech,1
store,1
vogue,1
prada,1
gucci,1
chanel,1
dior,1
louis,1
vuitton,1
versace,1
nyfw,1
postpunk,1
dream,1
grunge,1
haunted,1
dopamine,1
maxx,1
uptempo,1
heroes,1
caribbean,1
waves,1
vibrations,1
ritmo,1
punky,1
korean,1
kpop,1
acoustic,1
zion,1
jaypark,1
iu,1
zoco,1
bobby,1
hwasa,1
mamamoo,1
loco,1
katie,1
yuna,1
lambc,1
red,1
velvet,1
blackpink,1
yoona,1
bts,1
moonmoon,1
parkkyung,1
taeyang,1
ost,1
stray,1
recommendations,1
prosrespec,1
cash,1
wxlifxs,1
hazy,1
tropics,1
potato,1
broke,1
rolled,1
contempary,1
radical,1
gran,1
turismo,1
chiller,1
vernon,1
melodictronica,1
trance,1
dig,1
dis,1
traumer,1
kolter,1
trades,1
digdis,1
sexy,1
massive,1
attack,1
direct,1
bonobo,1
azaleh,1
moby,1
moderat,1
emancipator,1
royksopp,1
death,1
vacant,1
phaeleh,1
sappheiros,1
ecepta,1
tycho,1
orchestra,1
enticing,1
tecno,1
kawaii,1
trifect,1
sharou,1
hyper,1
potions,1
girls,1
lone,1
alpha,1
alternative,1
coffeeshop,1
jazzrap,1
chillhiphop,1
hear,1
color,1
films,1
lofihiphop,1
victim,1
amtrac,1
skee,1
mask,1
tsha,1
hnny,1
nicolas,1
jaar,1
samples,1
warped,1
synths,1
buzz,1
reg,1
subjoi,1
billie,1
eilish,1
lewii,1
codeine,1
cups,1
victo,1
ngai,1
melville,1
series,1
sensual,1
touch,1
floppy,1
kyle,1
hall,1
abacus,1
theory,1
asylum,1
chad,1
pulley,1
pepe,1
bradock,1
burnt,1
morgan,1
geist,1
hanna,1
soofle,1
phortune,1
unity,1
clouds,1
subishi,1
yung,1
lean,1
agony,1
viktor,1
crabeels,1
falling,1
floating,1
lands,1
daso,1
wastin,1
young,1
years,1
bilka,1
dusk,1
sunrise,1
sets,1
intergalatic,1
glitterball,1
sum,1
odd,1
google,1
freshest,1
biglink,1
chillselect,1
turntablism,1
indietronica,1
chilli,1
contrary,1
spicy,1
dish,1
provide,1
sense,1
ease,1
comfort,1
served,1
decibels,1
compiled,1
chilledcow,1
sonder,1
coding,1
lp,1
albums,1
list,1
akin,1
yonnor,1
shalfi,1
limbo,1
pixel,1
slider,1
kitoko,1
fun,1
dancehall,1
inspire,1
basilisk,1
lumina,1
lennon,1
continuing,1
zip,1
recordings,1
sounding,1
eelf,1
moskalus,1
boiler,1
room,1
clipp,1
rinse,1
moma,1
meg,1
ward,1
mell,1
minimum,1
italo,1
ambeint,1
compression,1
cylinders,1
psychadelic,1
impulse,1
loffi,1
sof,1
lolifi,1
outlawing,1
stopped,1
month,1
latehaze,1
personal,1
walking,1
boosted,1
horrorcore,1
power,1
street,1
drops,1
twerk,1
slap,1
vhs,1
jan,1
soto,1
ape,1
nigo,1
realfriends,1
marco,1
lazovic,1
pls,1
upload,1
shoping,1
road,1
baby,1
milky,1
hoc,1
adhocrecords,1
moodyman,1
kerri,1
chandler,1
blair,1
swingle,1
knuckles,1
terrence,1
parker,1
jayda,1
romboy,1
bellaire,1
germain,1
brauner,1
theo,1
parrish,1
loure,1
alliant,1
cuts,1
techhouse,1
stoned,1
aliens,1
original,1
drawing,1
painting,1
cleaning,1
book,1
brainstorming,1
discover,1
doncarlosspoty,1
carlos,1
ltjxperience,1
ltj,1
xperience,1
mighty,1
zone,1
grind,1
rlaxing,1
profile,1
shorturl,1
advjs,1
chai,1
free,1
pin,1
latino,1
brasileiro,1
cill,1
hub,1
haus,1
hoodies,1
days,1
compilation,1
raining,1
cuddling,1
couch,1
driving,1
monday,1
groovers,1
hold,1
mate,1
kidding,1
tbf,1
minecraft,1
finish,1
tomorrow,1
thanggg,1
vibeeeeeeeee,1
lightseeds,1
ries,1
kinda,1
liven,1
atc,1
roughly,1
replicates,1
lofiatc,1
lad,1
characterized,1
decades,1
kettama,1
euphoric,1
gorgeous,1
summers,1
spinnin,1
cloudy,1
beachside,1
theos,1
rhodes,1
djacuzzi,1
instinct,1
closed,1
secrets,1
meemo,1
therez,1
brawther,1
request,1
mstks,1
kursakow,1
gun,1
baiu,1
timeless,1
celebrates,1
vibrant,1
techy,1
north,1
brazilian,1
groooovin,1
dear,1
progressi,1
spaghetti,1
peeps,1
body,1
undeground,1
jazzyhouse,1
detroithouse,1
bien,1
trae,1
unas,1
vibras,1
repente,1
ufff,1
update,1
parkland,1
walk,1
spending,1
disused,1
regelbau,1
esque,1
noon,1
goons,1
uppers,1
cig,1
portion,1
prog,1
peacefully,1
mixed,1
fog,1
putyouon,1
progress,1
wrapped,1
retrowave,1
experience,1
deepest,1
chillest,1
history,1
influenced,1
suggestions,1
timowielink,1
eclectic,1
feed,1
mainstream,1
confused,1
pleasant,1
introspective,1
introspection,1
optimise,1
levels,1
warming,1
created,1
dubstepgutter,1
delete,1
dsg,1
discleamer,1
emphasis,1
fkj,1
moods,1
masego,1
ras,1
maribou,1
barry,1
swim,1
misch,1
unbeliever,1
backslidden,1
believer,1
born,1
jesus,1
calling,1
today,1
socials,1
loved,1
begotten,1
son,1
whosoever,1
believeth,1
perish,1
everlasting,1
studios,1
tulum,1
synthpop,1
salt,1
pint,1
dose,1
happiness,1
brighten,1
cook,1
sport,1
girlrap,1
spanish,1
closedonsundayy,1
point,1
workflow,1
share,1
gram,1
tag,1
deniscebulec,1
catalog,1
composed,1
henry,1
homesweet,1
released,1
aliases,1
houssentials,1
lofihoussentials,1
general,1
underwater,1
extravaganza,1
tube,1
boppers,1
kid,1
futur,1
broken,1
crates,1
cross,1
playable,1
randomly,1
level,1
bugs,1
bop,1
stick,1
bug,1
completely,1
tits,1
lighten,1
codes,1
blueberry,1
factor,1
unlimited,1
sailing,1
arrest,1
collective,1
inclusive,1
age,1
hell,1
kareem,1
ali,1
vr,1
jasper,1
tygner,1
gingerhead,1
woodcock,1
winter,1
features,1
surprises,1
jorge,1
milliano,1
koisu,1
discret,1
popescu,1
likes,1
loyle,1
carner,1
subculture,1
sage,1
benaddict,1
stew,1
harvey,1
gunn,1
nix,1
northwest,1
kofi,1
lausse,1
french,1
bassline,1
soulrez,1
obento,1
short,1
jimmy,1
atelier,1
kris,1
sugga,1
lofiline,1
bearbare,1
iwl,1
tazzy,1
mik,1
aleta,1
sax,1
rote,1
kappe,1
freestyle,1
freddisson,1
otpendia,1
lil,1
london,1
drugs,1
money,1
manja,1
kaatu,1
maina,1
master,1
urban,1
outro,1
hoss,1
alejandro,1
olivares,1
angel,1
mina,1
lion,1
natasha,1
kotori,1
justcosplaysings,1
ghetto,1
developing,1
hope,1
mafia,1
skateboarding,1
pathu,1
murai,1
raila,1
lowk,1
cub,1
guru,1
loficentral,1
belong,1
shadows,1
tearing,1
heaven,1
musicality,1
errol,1
allen,1
sunflower,1
protector,1
akeeni,1
shiruku,1
shiiva,1
japan,1
kiss,1
forever,1
scroll,1
cascade,1
splash,1
window,1
worry,1
phone,1
dancefloor,1
crate,1
high,1
recollection,1
regret,1
nemu,1
aki,1
dreams,1
sakura,1
sunflowers,1
shoyo,1
hinata,1
eira,1
scheper,1
gazing,1
sirius,1
aether,1
pokemon,1
sepolia,1
helluva,1
boss,1
asmodeus,1
write,1
skies,1
battle,1
lonely,1
figure,1
ocarina,1
sped,1
prince,1
promised,1
latte,1
pines,1
tealousy,1
francis,1
doom,1
soulhop,1
pat,1
fontes,1
motion,1
ocean,1
yeh,1
sham,1
mastani,1
abhinav,1
parmar,1
milano,1
audio,1
lofibeats,1
anime,1
snow,1
emo,1
crying,1
weeping,1
wallow,1
spring,1
academia,1
april,1
sottangalla,1
pass,1
leon,1
sommer,1
elle,1
leigh,1
aradhya,1
telugu,1
loffy,1
softer,1
variety,1
jammers,1
sms,1
davide,1
costa,1
uwuchan,1
rojs,1
melodyn,1
respite,1
sunlight,1
opening,1
mixes,1
tohka,1
tolson,1
elendelle,1
houser,1
sei,1
addata,1
aaj,1
aar,1
nei,1
manna,1
dey,1
burman,1
hemant,1
kumar,1
banana,1
signature,1
dant,1
dmarceline,1
obsdn,1
subjoy,1
fouk,1
mountain,1
greatest,1
definitive,1
immerse,1
ambiance,1
relaxation,1
goodvibes,1
overtime,1
lps,1
smthng,1
fall,1
asleep,1
pleaasure,1
monthly,1
shaolin,1
cowboy,1
monolithic,1
upper,1
gijs,1
bloom,1
wayward,1
oriss,1
dazedbysounds,1
varying,1
madog,1
cafes,1
caffeterias,1
places,1
customers,1
urbanmu,1
news,1
independant,1
live,1
lofizzle,1
hiphope,1
loficlass,1
maximum,1
lushness,1
grooves house,1
grooves electronic,1
electronic tunes,1
tunes featuring,1
featuring poolboi,1
poolboi chaos,1
guy ross,1
friends aleksandir,1
aleksandir hidden,1
spheres baltra,1
baltra house,1
house distorted,1
distorted rough,1
edges lofi,1
house dead,1
dead updating,1
updating playlist,1
lofi housette,1
housette bangers,1
bangers bcn,1
bcn luv,1
luv artwork,1
artwork lofi,1
edition katarakt,1
katarakt exe,1
exe lofi,1
lofi lovers,1
lovers cinema,1
cinema quartier,1
quartier latin,1
latin ross,1
friends project,1
project pablo,1
pablo harrison,1
harrison boring,1
boring baltra,1
baltra demuja,1
demuja mall,1
grab poolboi,1
poolboi lofi,1
electro dance,1
dance deep,1
garage disco,1
deep distorted,1
distorted gritty,1
tunes artists,1
artists boring,1
boring mall,1
bdp href,1
lowfi house,1
music random,1
random enjoy,1
enjoy perfect,1
playlist working,1
working lowfi,1
lowfi lofi,1
lowfi beats,1
beats fresh,1
fresh music,1
music mall,1
grab boring,1
boring streaks,1
streaks coeo,1
coeo leo,1
leo pol,1
pol submissions,1
submissions pamplemousseagency,1
pamplemousseagency instagram,1
house fine,1
fine selection,1
selection vintage,1
vintage amp,1
amp low,1
low fidelity,1
fidelity style,1
style house,1
tracks updated,1
regularly lofi,1
vibes laid,1
laid house,1
chill follow,1
href youtube,1
watch lofi,1
artists poolboi,1
poolboi sunflwr,1
sunflwr felipe,1
felipe gordon,1
gordon good,1
good luck,1
luck laurence,1
guy house,1
house absolute,1
absolute pinnacle,1
pinnacle vibes,1
vibes production,1
production melt,1
melt late,1
grooves russian,1
russian lofi,1
study hard,1
hard lofi,1
house exam,1
exam success,1
success guaranteed,1
guaranteed lofi,1
underground secret,1
secret plug,1
plug selection,1
selection house,1
progressive garage,1
garage whatsoever,1
whatsoever late,1
late lofi,1
house aedidias,1
aedidias slim,1
hustla vibes,1
vibes missing,1
missing paperkraft,1
paperkraft talking,1
talking jacopo,1
jacopo sb,1
sb dancing,1
dancing amber,1
amber sky,1
sky slim,1
hustla night,1
patrollin slick,1
slick manoeuvres,1
manoeuvres constant,1
constant aedidias,1
friends endofthestory,1
endofthestory dos,1
dos limits,1
limits dos,1
dos lofi,1
house late,1
grooves dreamy,1
dreamy dancing,1
dancing rough,1
rough infectious,1
infectious sounds,1
sounds amp,1
amp deep,1
grooves delivered,1
delivered href,1
href urbnundrgrnds,1
urbnundrgrnds urbanundergrounds,1
urbanundergrounds lofi,1
chill melodic,1
melodic laidback,1
laidback lofi,1
artists sunflwr,1
sunflwr hidden,1
spheres poolboi,1
poolboi folamour,1
folamour follow,1
instagram fantasticmusique,1
fantasticmusique instagram,1
instagram fantastic,1
fantastic music,1
techno bangers,1
bangers lofi,1
house records,1
records playlist,1
playlist tracks,1
tracks record,1
label enjoy,1
enjoy liquid,1
liquid house,1
techno slav,1
slav house,1
music nostalgic,1
nostalgic influences,1
influences acid,1
techno disco,1
disco soft,1
mix soft,1
beats sleep,1
beats chilled,1
chilled music,1
music chillhop,1
hiphop jazz,1
vibes instrumental,1
instrumental lounge,1
studying reading,1
working relaxing,1
relaxing mind,1
mind chillout,1
chillout tempo,1
tempo sleeping,1
sleeping rest,1
rest stress,1
stress relief,1
relief lounge,1
lounge soft,1
laidback moments,1
focus instrumental,1
focus low,1
key luxury,1
luxury lounge,1
lounge hotel,1
hotel house,1
house slinky,1
slinky jazzy,1
jazzy atmospheric,1
atmospheric low,1
key house,1
music lobby,1
lobby trendy,1
trendy hotel,1
hotel sort,1
sort latest,1
latest finds,1
finds lofi,1
classics vinyl,1
house tik,1
tik tok,1
tok chill,1
vibes school,1
classics school,1
vibes vinyl,1
grooves funky,1
house katarakt,1
katarakt house,1
house wine,1
bars love,1
love wine,1
wine jazz,1
jazzhop mix,1
mix jazzhop,1
jazzhop music,1
vibes tracks,1
tracks week,1
week techno,1
mix techno,1
picked funky,1
house variation,1
variation funky,1
tunes lift,1
lift soul,1
soul follow,1
follow soul,1
funk amp,1
amp jazz,1
jazz chillhouse,1
chillhouse beats,1
yoga electronica,1
electronica ethno,1
ethno electronica,1
electronica tribal,1
tribal house,1
house calm,1
calm ethnic,1
ethnic electronic,1
electronic beats,1
yoga study,1
study meditation,1
meditation relax,1
focus follow,1
follow updates,1
updates chilled,1
classics disco,1
party club,1
club mix,1
mix groovy,1
deep minimal,1
playlist anotr,1
anotr folamour,1
folamour dull,1
dull loods,1
loods defected,1
defected glitterbox,1
glitterbox ibiza,1
ibiza amp,1
amp updated,1
weekly picture,1
picture purple,1
machine submit,1
submit guettapen,1
guettapen spotify,1
spotify gmail,1
rap deep,1
deep cover,1
cover prinz,1
prinz house,1
focus study,1
study code,1
code lofi,1
weekly updates,1
updates lofi,1
summer haze,1
haze beautiful,1
beautiful beats,1
beats beautiful,1
beautiful moments,1
lofi techo,1
techo amp,1
studying cerebral,1
cerebral sounds,1
chill enhance,1
enhance day,1
day diverse,1
diverse mix,1
mix enveloping,1
enveloping electronic,1
sounds chill,1
downtempo ambient,1
ambient minimalism,1
minimalism headspace,1
headspace food,1
food thought,1
thought songs,1
songs thinking,1
thinking house,1
lounge jazz,1
lounge elevator,1
elevator lounge,1
jazzy electronic,1
electronic jazz,1
jazz coffee,1
relax jazztronica,1
jazztronica elevator,1
elevator music,1
background lounge,1
lounge background,1
background house,1
mix acid,1
house nerds,1
nerds vinyl,1
amp modern,1
modern contemporary,1
contemporary style,1
style chill,1
chill liquid,1
dnb deep,1
garage background,1
chill sorts,1
sorts music,1
songs versions,1
versions amp,1
amp remixes,1
remixes famous,1
famous pop,1
pop hip,1
amp rnb,1
chill instrumental,1
beats amp,1
amp remakes,1
remakes study,1
focus work,1
work sleep,1
sleep jazz,1
jazz infused,1
infused house,1
beats soul,1
soul mtv,1
downtown vibes,1
vibes songs,1
songs fit,1
fit perfectly,1
perfectly mtv,1
downtown shoegaze,1
shoegaze lofi,1
hiphop house,1
house triphop,1
triphop skater,1
skater alt,1
alt beach,1
beach lounge,1
lounge beats,1
deep jazz,1
lofi soulful,1
house rooftop,1
rooftop jacuzzi,1
jacuzzi poolside,1
poolside funky,1
funky cocktail,1
bar grooves,1
grooves restaurants,1
restaurants erotic,1
erotic clubs,1
clubs clothing,1
clothing stores,1
stores amp,1
amp fashion,1
techno mall,1
grab deep,1
club music,1
club lofi,1
deephouse tech,1
house diplo,1
diplo acraze,1
acraze john,1
john summit,1
summit weiss,1
weiss disclosure,1
disclosure fisher,1
fisher piero,1
piero pirupa,1
pirupa warner,1
warner case,1
case cloonee,1
cloonee tibask,1
tibask href,1
href toneden,1
toneden post,1
post submit,1
submit club,1
tunes submit,1
submit curated,1
curated headroom,1
headroom records,1
records uplifting,1
mix uplifting,1
picked slow,1
music video,1
game study,1
study lounge,1
lounge video,1
game music,1
music remixes,1
remixes cover,1
songs designed,1
designed productive,1
productive laid,1
laid lofi,1
house good,1
vibes inspired,1
inspired video,1
games check,1
check href,1
playlist chilltendo,1
chilltendo lounge,1
mix studying,1
picked chilled,1
beats soft,1
house bar,1
bar songs,1
smooth songs,1
smooth music,1
music hits,1
hits softhouse,1
softhouse vocal,1
del marina,1
marina chillout,1
vibes relaxing,1
tunes soft,1
soft techno,1
techno tracks,1
tracks soft,1
covers soft,1
cafe pop,1
pop house,1
playlist coffee,1
house weekly,1
weekly chill,1
chill wake,1
wake happy,1
happy instrumental,1
house hits,1
hits surf,1
surf playlist,1
playlist arabic,1
arabic deep,1
bangers violin,1
violin house,1
anthems folk,1
folk house,1
chill beach,1
club carefully,1
curated laid,1
laid soulful,1
soulful sounds,1
house afrobeats,1
afrobeats soul,1
soul sit,1
relax includes,1
artists branko,1
branko sunflwr,1
sunflwr valentino,1
valentino sango,1
sango carmack,1
carmack chill,1
weekly curated,1
curated asra,1
asra records,1
records demos,1
demos demos,1
demos asrarecords,1
asrarecords lyrics,1
lyrics energetic,1
energetic focus,1
focus funk,1
funk instrumental,1
electronic edm,1
edm house,1
lofi fast,1
fast upbeat,1
classical groovy,1
house juicy,1
juicy lounge,1
lounge mix,1
perfect keeping,1
keeping vibes,1
vibes fresh,1
fresh bodies,1
bodies moving,1
moving lofi,1
vibes click,1
click submit,1
submit instagram,1
instagram tags,1
tags hiphop,1
beats hop,1
chillhop relax,1
sleep hip,1
hop instrumental,1
tropical funky,1
funky brasil,1
brasil brazil,1
brazil bossa,1
bossa happy,1
happy jazzy,1
jazzy mood,1
mood rain,1
rain baets,1
baets lowfi,1
lowfi lfoi,1
lfoi instagram,1
instagram submit,1
submit submission,1
submission lofi,1
covers famous,1
famous songs,1
songs relaxing,1
covers version,1
version popular,1
perfect chilling,1
chilling study,1
study sleeping,1
sleeping hanging,1
hanging friends,1
friends dinner,1
dinner enjoy,1
enjoy game,1
lofi game,1
lofi conquering,1
conquering westeros,1
westeros music,1
music chillastronautmusic,1
chillastronautmusic manually,1
manually house,1
music plalylist,1
plalylist devoted,1
devoted jazz,1
lofi swing,1
swing hop,1
hop classical,1
classical indie,1
indie baroque,1
baroque scandinavian,1
scandinavian jazz,1
jazz genre,1
genre devoted,1
devoted solely,1
solely books,1
books felt,1
felt good,1
good idea,1
idea time,1
chill rap,1
rap christian,1
chill latest,1
latest christian,1
music featuring,1
featuring amp,1
amp rap,1
rap pop,1
pop lofi,1
soul songs,1
perfect studying,1
studying relaxing,1
relaxing cruising,1
cruising sleeping,1
sleeping cooking,1
cooking cover,1
cover sondae,1
sondae chilled,1
chilled electronica,1
deep chilled,1
chilled organic,1
organic lofi,1
house brought,1
brought href,1
href rococo,1
music rococo,1
music mantra,1
mantra dub,1
dub mystic,1
trip indian,1
indian electro,1
electro earthy,1
earthy minimal,1
minimal ethnic,1
downtempo asian,1
hiphop triphop,1
triphop idm,1
idm afrobeat,1
afrobeat balearic,1
balearic lounge,1
lounge tribal,1
ambient chillout,1
chillout nightfall,1
nightfall middle,1
middle east,1
east moon,1
moon energy,1
energy buddha,1
buddha bass,1
grooves embrace,1
embrace chillness,1
chillness real,1
real chill,1
dance chillout,1
chillout chill,1
lofi href,1
instagram jliskmusic,1
jliskmusic jliskmusic,1
jliskmusic california,1
california miami,1
miami relax,1
relax chillout,1
chillout music,1
music study,1
lofi ambient,1
ambient music,1
lounge chillout,1
chillout terrace,1
terrace musica,1
musica chill,1
chill relajante,1
relajante para,1
para descansar,1
descansar aliviar,1
aliviar estres,1
estres reducir,1
reducir ansiedad,1
ansiedad estudiar,1
estudiar leer,1
leer para,1
para dormir,1
dormir musica,1
musica instrumental,1
instrumental musica,1
musica fondo,1
fondo para,1
para sentirse,1
sentirse feliz,1
feliz positivo,1
positivo ambiental,1
ambiental lofi,1
cassette deep,1
smooth rough,1
edges great,1
great music,1
music set,1
set vibe,1
vibe weekly,1
updated includes,1
artists ross,1
friends seinfeld,1
seinfeld baltra,1
baltra suggetions,1
suggetions lofihousecassette,1
lofihousecassette gmail,1
gmail angelojsn,1
angelojsn house,1
techno hidden,1
hidden house,1
techno gems,1
gems commute,1
commute lofi,1
techno low,1
low raw,1
raw warm,1
warm distorted,1
distorted mellow,1
mellow moody,1
moody crunchy,1
crunchy sounds,1
tracks deep,1
href tinyurl,1
tinyurl href,1
spotify user,1
user playlists,1
playlists lofi,1
drop inagawa,1
inagawa selfless,1
selfless state,1
state kettenkarussell,1
kettenkarussell locklead,1
locklead playground,1
playground mark,1
mark laird,1
laird funk,1
funk tu,1
tu manques,1
manques mumu,1
mumu change,1
change moteur,1
moteur houseum,1
houseum crinan,1
crinan jeti,1
jeti deejay,1
deejay astral,1
astral loods,1
loods amp,1
amp mall,1
grab sweetness,1
sweetness daft,1
daft punk,1
punk horizon,1
horizon deep,1
style lofi,1
underground music,1
music lovers,1
lovers real,1
real true,1
true school,1
style true,1
true deep,1
house amazing,1
amazing support,1
support lofi,1
house shuffle,1
shuffle house,1
house amphetamine,1
amphetamine salts,1
salts lofi,1
house groove,1
groove dnb,1
jazzy deep,1
summer jazz,1
jazz jazz,1
jazz summer,1
sleep house,1
chillhop ukg,1
ukg house,1
house official,1
playlist record,1
label submit,1
submit founder,1
founder temple,1
temple amp,1
amp radio,1
radio host,1
host aaja,1
aaja voices,1
voices amp,1
amp keakie,1
keakie curator,1
curator templebeats,1
templebeats lofi,1
house synthesis,1
synthesis mixture,1
mixture acid,1
acid lofi,1
progressive soul,1
techno updated,1
deep middle,1
middle eastern,1
eastern lofi,1
grooves mix,1
ai big,1
big love,1
love beast,1
beast lofi,1
bangers electronic,1
electronic pulse,1
pulse underground,1
underground electronic,1
deep progresive,1
progresive styles,1
styles oxsrecords,1
oxsrecords gareth,1
gareth electronic,1
electronic idm,1
idm house,1
house rave,1
rave lofi,1
lofi vapourwave,1
vapourwave amp,1
study flowy,1
flowy dreamy,1
techno perfect,1
music work,1
electronica curated,1
selection organic,1
organic deep,1
chill electronic,1
electronic tracks,1
tracks enjoy,1
enjoy shuffle,1
shuffle chill,1
chill deephouse,1
deephouse house,1
study dark,1
dark lofi,1
music lyrics,1
lyrics chillout,1
chillout dub,1
dub trap,1
trap witch,1
witch house,1
wave garage,1
garage phonk,1
phonk ambient,1
ambient rhythms,1
rhythms funky,1
grooves soulful,1
soulful jackin,1
jackin deep,1
disco vibe,1
vibe carefully,1
selected funky,1
tunes updated,1
regularly finest,1
finest grooves,1
grooves enjoy,1
playlist jazz,1
jazz funk,1
underground deep,1
lounge minimal,1
techno morning,1
morning coffee,1
coffee focus,1
focus afternoon,1
afternoon study,1
study concentration,1
concentration working,1
working fans,1
fans anjunadeep,1
anjunadeep silk,1
silk armada,1
armada submithub,1
submithub calm,1
mix calm,1
picked housey,1
housey work,1
work flow,1
flow lofi,1
study graduated,1
graduated college,1
college lofi,1
techno feel,1
feel chillout,1
chillout cafe,1
del coco,1
coco mediterranean,1
mediterranean lounge,1
lounge beach,1
club luxury,1
luxury hotel,1
hotel poolside,1
poolside bar,1
bar smooth,1
smooth tropical,1
tropical summer,1
summer sunsets,1
sunsets vibes,1
vibes soulful,1
soulful ambient,1
ambient deep,1
grooves perfect,1
laidback vacation,1
vacation mood,1
relaxing times,1
times deep,1
lyrics groove,1
lounge hottest,1
hottest house,1
grooves minimal,1
tech featuring,1
featuring music,1
music oden,1
oden amp,1
amp fatzo,1
fatzo chris,1
chris stussy,1
stussy djoko,1
djoko ranger,1
ranger trucco,1
trucco updated,1
weekly jazz,1
beats cafe,1
cafe lofi,1
smooth mellow,1
mellow chilled,1
chilled warm,1
warm jazzy,1
background jazzhop,1
jazzhop vibes,1
vibes work,1
work cafe,1
cafe restaurant,1
restaurant bar,1
bar coffee,1
music stylish,1
stylish study,1
study chillout,1
chillout boom,1
boom bap,1
bap chillhop,1
chillhop playlist,1
playlist golden,1
golden era,1
era hiphop,1
chilled vocal,1
house soho,1
soho house,1
vibes hip,1
playlist hip,1
hop streams,1
streams everyday,1
everyday send,1
send stats,1
stats group,1
group guys,1
guys lofi,1
house ronimartinezofficial,1
ronimartinezofficial gmail,1
melodic dub,1
dub techno,1
weekly electro,1
electro lofi,1
house detroit,1
detroit techno,1
work vibes,1
focus lofi,1
electro deep,1
deep flat,1
flat choll,1
choll lofi,1
house housey,1
housey lofi,1
disco type,1
type shenanigans,1
shenanigans afters,1
afters ting,1
ting minimal,1
house basically,1
basically good,1
study head,1
head bumping,1
bumping productive,1
productive time,1
time originally,1
originally house,1
lofi rave,1
rave bus,1
bus ride,1
ride emotional,1
emotional tunes,1
tunes rave,1
rave future,1
underground rave,1
rave sbhp,1
sbhp house,1
lofi running,1
running beats,1
beats upbeat,1
music energy,1
energy amp,1
amp focus,1
focus perfect,1
perfect flow,1
flow state,1
state music,1
music follow,1
spotify artist,1
artist friends,1
friends club,1
club summer,1
house sunny,1
sunny bouncy,1
bouncy funky,1
disco melodic,1
melodic garage,1
garage acid,1
music artwork,1
artwork reddit,1
reddit user,1
user chill,1
chill fuck,1
fuck tin,1
tin lofi,1
liquid chilled,1
electronic crunchybeats,1
crunchybeats lofi,1
beats jazz,1
thisisthreadmusic ibz,1
ibz vibes,1
vibes bpm,1
bpm deep,1
perfect tht,1
tht midday,1
midday beach,1
beach vibe,1
vibe lofi,1
hop hours,1
hours biggest,1
biggest lofi,1
playlist spotify,1
spotify hours,1
hours chill,1
beats repeat,1
repeat guarantee,1
guarantee href,1
beats york,1
york lofi,1
vibin chill,1
lyrics low,1
low techno,1
techno deep,1
study vocal,1
vocal lofi,1
techno groove,1
groove stussy,1
stussy house,1
house happy,1
lofi cute,1
cute music,1
music creators,1
creators oneul,1
oneul dark,1
cat snail,1
playlist feel,1
feel comfy,1
comfy calm,1
calm bad,1
bad day,1
day click,1
click song,1
song supposed,1
supposed feel,1
happy check,1
check playlists,1
playlists follow,1
follow psychedelic,1
considered lofi,1
chill night,1
night jazz,1
smooth jazz,1
jazz chillhop,1
beats deep,1
deep jazzy,1
vibes classic,1
classic jazz,1
jazz hip,1
hop background,1
music aesthetic,1
aesthetic lofi,1
sleep mix,1
lofi love,1
love lofi,1
vibes chillhop,1
chillhop mix,1
mix releases,1
releases vibirition,1
vibirition dance,1
dance liquid,1
dnb upbeat,1
music pre,1
pre drinks,1
drinks gathering,1
gathering ben,1
ben jammin,1
jammin sesh,1
sesh picks,1
liquid spaced,1
spaced hip,1
hop tunes,1
tunes listen,1
listen big,1
big night,1
night shuffle,1
shuffle lofi,1
techno chilled,1
girl lofi,1
hop vocal,1
house kuma,1
kuma favorites,1
favorites time,1
time favorites,1
edm hardstyle,1
hardstyle house,1
house rock,1
rock metal,1
metal chilled,1
beats essential,1
edm eletro,1
eletro deep,1
techno genre,1
genre edm,1
edm bit,1
lofi good,1
good vibe,1
vibe chilled,1
house sound,1
sound house,1
playlist float,1
japanese electronic,1
playlist norwegian,1
norwegian space,1
space disco,1
disco href,1
japanese house,1
playlist underground,1
underground brasileira,1
brasileira href,1
playlist chilena,1
chilena href,1
playlist experimental,1
experimental house,1
playlist boston,1
boston electronic,1
playlist lithuanian,1
lithuanian electronic,1
everynoise lofi,1
mix artist,1
artist week,1
week jack,1
jack marlow,1
marlow songs,1
songs add,1
add send,1
send link,1
link lofi,1
edm michael,1
michael lofi,1
house picks,1
chilled dayorevening,1
dayorevening lofi,1
electronic play,1
play shuffle,1
shuffle dinner,1
dinner lofi,1
house special,1
special lofi,1
house featured,1
featured houseum,1
houseum dreaming,1
files slav,1
slav youtube,1
youtube channels,1
channels party,1
party great,1
great listening,1
listening instro,1
instro lofi,1
jazz drum,1
bass mix,1
mix drum,1
bass music,1
house diepe,1
diepe house,1
house hele,1
hele mikmak,1
mikmak soulful,1
house aka,1
aka groovy,1
groovy achtergrond,1
achtergrond plaatjes,1
plaatjes voor,1
voor tijdens,1
tijdens die,1
die heuuurrrliikke,1
heuuurrrliikke zonnige,1
zonnige daagjes,1
daagjes lofi,1
house studio,1
studio lofi,1
disco music,1
music curated,1
curated studio,1
studio music,1
music photograph,1
photograph bernstein,1
bernstein lofi,1
party vibez,1
vibez vari,1
vari deep,1
jazzy chill,1
deephouse chillout,1
jazz electro,1
electro jass,1
jass jazz,1
thisisthreadmusic lofi,1
bass intelligent,1
intelligent atmospheric,1
atmospheric liquid,1
bass study,1
house books,1
books study,1
vibin groovy,1
house laid,1
laid groove,1
lounge tunes,1
perfect wine,1
bars chill,1
chill evenings,1
evenings pool,1
parties feel,1
vibes flow,1
flow cozy,1
sleep create,1
create cozy,1
cozy vibes,1
dnb study,1
relax ancient,1
ancient chinese,1
chinese proverb,1
proverb hydrate,1
hydrate die,1
die relaxing,1
relaxing liquid,1
dnb meet,1
meet state,1
state jazz,1
jazz modern,1
modern jazz,1
jazz intersection,1
intersection rnb,1
rnb house,1
lofi psychedelic,1
considered tribal,1
ambient ethnic,1
house mystic,1
trip lofi,1
lofi listen,1
listen shuffle,1
shuffle drum,1
bass reading,1
reading silly,1
silly cases,1
cases writing,1
writing legal,1
legal advice,1
advice imaginary,1
imaginary people,1
people house,1
techno flamenco,1
flamenco bossa,1
nova gentle,1
gentle classical,1
classical upbeat,1
classical lotr,1
lotr star,1
star wars,1
wars amelie,1
amelie italian,1
italian movie,1
movie scores,1
scores lofi,1
lofi elliott,1
elliott smith,1
smith soft,1
soft jazz,1
jazz upbeat,1
upbeat jazz,1
jazz hook,1
hook nintendo,1
nintendo jungle,1
jungle lofi,1
hop href,1
sleep spotify,1
spotify click,1
click lofi,1
sleep hack,1
hack planet,1
planet music,1
music hack,1
hack lofi,1
lofi chillstep,1
chillstep ambient,1
ambient tech,1
house synthwave,1
synthwave vocals,1
vocals piano,1
bangers jb,1
jb bringing,1
bringing piano,1
soulful funky,1
lounge soulful,1
disco vibes,1
vibes funk,1
classics expect,1
expect jamiroquai,1
jamiroquai shapeshifters,1
shapeshifters mark,1
mark knight,1
knight armand,1
armand van,1
van helden,1
helden martin,1
martin eigenberg,1
eigenberg candi,1
candi staton,1
staton purple,1
machine chillout,1
chillout funky,1
remixes selection,1
selection lofi,1
lofi fruits,1
fruits chill,1
music amp,1
amp sleep,1
beats perfect,1
perfect rainy,1
rainy night,1
night sleep,1
music playlist,1
remix songs,1
cover music,1
remix playlist,1
playlist cover,1
cover lofi,1
playlist remix,1
remix lofi,1
playlist deep,1
deep emotional,1
emotional dance,1
playlist bass,1
bass driven,1
driven music,1
music car,1
car rides,1
rides workout,1
workout sessions,1
sessions contact,1
contact loficollegeradio,1
loficollegeradio gmail,1
gmail chilled,1
girl sleepy,1
sleepy chill,1
deep sunset,1
sunset cocktail,1
cocktail summer,1
summer deep,1
house ibiza,1
ibiza lounge,1
bar chill,1
chill nation,1
nation songs,1
songs ims,1
ims lofi,1
lofi slow,1
slow enjoy,1
deep music,1
music selection,1
selection groove,1
groove good,1
good feelings,1
feelings uplifting,1
uplifting deep,1
deep chills,1
chills updated,1
weekly href,1
href spotilisted,1
spotilisted submissions,1
submissions versions,1
versions remixes,1
remixes kygo,1
kygo angus,1
angus amp,1
amp julia,1
julia stone,1
stone dean,1
dean lewis,1
lewis james,1
james carter,1
carter chainsmokers,1
chainsmokers lofi,1
mix vapor,1
house vaporhouse,1
vaporhouse deep,1
deep dirty,1
dirty house,1
lofi finest,1
finest blend,1
blend worn,1
worn dirty,1
dirty deep,1
amp nostalgic,1
nostalgic vapor,1
house century,1
century lofi,1
beats minimal,1
minimal jazzy,1
funky retro,1
retro vintage,1
vintage disco,1
disco soulful,1
soulful amp,1
amp wonky,1
wonky vibes,1
lounge club,1
club bar,1
bar party,1
party cocktails,1
cocktails brunch,1
brunch coffee,1
coffee shop,1
shop cafe,1
cafe background,1
edition vi,1
vi katarakt,1
katarakt collection,1
music mix,1
mix katarakt,1
katarakt missing,1
beats katarakt,1
katarakt submit,1
submit track,1
track href,1
instagram musictangerina,1
musictangerina instagram,1
instagram href,1
href linktr,1
linktr tangerinamusic,1
tangerinamusic tangerina,1
tangerina links,1
links lofi,1
jazzy techno,1
techno bits,1
bits group,1
group people,1
people utility,1
utility vests,1
vests love,1
love inn,1
inn ended,1
ended colly,1
colly drinking,1
drinking lofi,1
house bless,1
bless ears,1
ears blud,1
blud save,1
save house,1
hollts songs,1
songs spotify,1
spotify house,1
house day,1
day mix,1
mix daylist,1
daylist lofi,1
bangers cassette,1
bumps outsider,1
house leftfield,1
leftfield house,1
house wanna,1
wanna lofi,1
lofi jungle,1
jungle bangers,1
bangers late,1
music embrace,1
embrace night,1
night late,1
music dive,1
dive lofi,1
beats hours,1
hours vibes,1
set tone,1
tone evenings,1
evenings explore,1
explore curated,1
playlist lost,1
lost rhythm,1
rhythm night,1
night coffee,1
lofi caffeine,1
caffeine infused,1
infused study,1
study vibes,1
vibes jazz,1
house und,1
und anderer,1
anderer shit,1
shit vocals,1
vocals needed,1
needed real,1
real ass,1
ass house,1
house houses,1
houses prob,1
prob fave,1
fave playlist,1
playlist sunday,1
sunday morning,1
beats trip,1
hop mix,1
mix trip,1
picked gods,1
groovy funky,1
music gods,1
house god,1
god hip,1
hip swinging,1
swinging soulful,1
soulful energetic,1
energetic trancey,1
trancey melodic,1
melodic rhythm,1
rhythm jazzy,1
deephouse disco,1
disco afrohouse,1
afrohouse pretty,1
pretty grooves,1
grooves coffee,1
hiphop chillhop,1
chillhop jazzhop,1
beats beats,1
jazzy beats,1
beats submissions,1
submissions jonahtuska,1
jonahtuska instagram,1
instagram chilled,1
funky slow,1
techno happy,1
hop collection,1
collection sunniest,1
sunniest grooviest,1
grooviest lofi,1
lofi tunes,1
tunes lofi,1
sci beats,1
electric owl,1
fashion music,1
music catwalk,1
catwalk tracks,1
tracks pfw,1
pfw paris,1
paris fashion,1
week minimal,1
vinyl music,1
music groovy,1
groovy beats,1
beats runway,1
runway microhouse,1
microhouse buftech,1
buftech fashion,1
fashion store,1
store tracks,1
tracks lounge,1
lounge relaxing,1
relaxing tech,1
tech cocktail,1
bar wine,1
wine vogue,1
vogue prada,1
prada gucci,1
gucci chanel,1
chanel dior,1
dior louis,1
louis vuitton,1
vuitton versace,1
versace zara,1
zara deep,1
house nyfw,1
nyfw york,1
york fashion,1
week indie,1
indie postpunk,1
postpunk goth,1
goth rock,1
rock dream,1
dream wave,1
wave lofi,1
lofi indie,1
goth grunge,1
grunge indie,1
goth cover,1
cover haunted,1
haunted house,1
lounge focus,1
instrumental deep,1
deep tropical,1
tropical tech,1
groovy melodies,1
melodies minimal,1
minimal vocals,1
vocals aka,1
aka zara,1
zara dopamine,1
dopamine playlist,1
playlist maxx,1
maxx chill,1
mix relaxing,1
relaxing blend,1
blend ambient,1
ambient chillhop,1
chillhop trip,1
lofi downtempo,1
downtempo synthwave,1
synthwave vaporwave,1
vaporwave jazz,1
jazz minimal,1
house folk,1
folk soft,1
soft rock,1
rock uptempo,1
uptempo lofi,1
lofi heroes,1
heroes die,1
die melodic,1
melodic amp,1
techno dance,1
chill uplifting,1
uplifting funky,1
house caribbean,1
caribbean lofi,1
lofi waves,1
waves ride,1
ride vibrations,1
vibrations ritmo,1
ritmo del,1
del punky,1
punky house,1
tunes chill,1
house korean,1
korean coffee,1
house kpop,1
kpop chill,1
chill acoustic,1
acoustic morning,1
morning lofi,1
vibes zion,1
zion jaypark,1
jaypark iu,1
iu dean,1
dean zoco,1
zoco bobby,1
bobby dragon,1
dragon hwasa,1
hwasa mamamoo,1
mamamoo loco,1
loco katie,1
katie yuna,1
yuna lambc,1
lambc red,1
red velvet,1
velvet blackpink,1
blackpink yoona,1
yoona bts,1
bts moonmoon,1
moonmoon parkkyung,1
parkkyung taeyang,1
taeyang ost,1
ost stray,1
stray kids,1
kids lofi,1
rap recommendations,1
recommendations lofi,1
covers mix,1
playlist prosrespec,1
prosrespec href,1
playlist cash,1
cash beats,1
playlist wxlifxs,1
wxlifxs lofi,1
techno deephouse,1
deephouse lofi,1
house hazy,1
hazy lofi,1
bumps lofi,1
bangers deep,1
house tropics,1
tropics tropical,1
tropical lofi,1
house potato,1
potato head,1
head vibes,1
house true,1
true house,1
vibes slav,1
slav dreaming,1
files houseum,1
houseum spirit,1
spirit deep,1
perfect add,1
add aedidias,1
friends slim,1
hustla broke,1
broke rolled,1
rolled contempary,1
contempary lofi,1
house radical,1
radical sounds,1
sounds jam,1
jam jam,1
jam gran,1
gran turismo,1
turismo lofi,1
house gt,1
gt vibes,1
vibes hotel,1
hotel bar,1
bar lobby,1
lobby music,1
music soothing,1
ai house,1
deep acid,1
acid tropical,1
tropical jackin,1
jackin tech,1
upbeat chiller,1
chiller lofi,1
jazz breaks,1
breaks house,1
working lofi,1
lofi tom,1
tom vernon,1
vernon selects,1
selects music,1
music selected,1
selected ambient,1
techno electro,1
electro jazzy,1
chill melodictronica,1
melodictronica melodic,1
techno trance,1
trance progressive,1
house idm,1
idm breakbeat,1
electronic jazzy,1
mix songs,1
songs minimal,1
tech finest,1
finest minimal,1
tech minimal,1
minimal tech,1
selection curated,1
curated dig,1
dig dis,1
dis including,1
including artist,1
artist djoko,1
djoko traumer,1
traumer paluma,1
paluma kolter,1
kolter playlist,1
playlist trades,1
trades playlists,1
playlists digdis,1
digdis sunset,1
sunset house,1
vibes perfect,1
perfect blend,1
blend deep,1
deep sexy,1
sexy vibes,1
hop downtempo,1
lofi future,1
garage trip,1
hop deep,1
house chillstep,1
chillstep massive,1
massive attack,1
attack direct,1
direct bonobo,1
bonobo azaleh,1
azaleh moby,1
moby moderat,1
moderat dragon,1
dragon emancipator,1
emancipator royksopp,1
royksopp blue,1
blue sky,1
sky black,1
black death,1
death vacant,1
vacant phaeleh,1
phaeleh sappheiros,1
sappheiros ecepta,1
ecepta tycho,1
tycho hidden,1
hidden orchestra,1
orchestra chill,1
ai electronic,1
lofi enticing,1
enticing collection,1
lofi infused,1
infused electronic,1
lofi tecno,1
tecno kawaii,1
kawaii future,1
future bass,1
lofi snail,1
house trifect,1
trifect dark,1
cat sharou,1
sharou hyper,1
hyper potions,1
potions cute,1
cute girls,1
girls cute,1
cute things,1
things lone,1
lone alpha,1
alpha hip,1
hop big,1
collection chilled,1
dance instrumental,1
instrumental chilled,1
lofi essentials,1
essentials study,1
house alternative,1
alternative house,1
chill techno,1
dreamy relaxed,1
relaxed funky,1
funky vibes,1
vibes coffeeshop,1
coffeeshop chill,1
lofi jazzrap,1
jazzrap hiphop,1
hiphop chillhiphop,1
chillhiphop grime,1
grime chill,1
chill cozy,1
house era,1
era hear,1
hear sound,1
sound color,1
color films,1
films sound,1
sound vinyl,1
vinyl upbeat,1
songs house,1
house vocals,1
vocals chilled,1
bangers chilled,1
drill lofi,1
lofi grime,1
grime enjoy,1
life lofihiphop,1
lofihiphop classics,1
dance gym,1
house beach,1
beach vibes,1
chill late,1
night deep,1
midnight soul,1
soul electronic,1
electronic house,1
jazz ambient,1
ambient chaos,1
guy baltra,1
baltra session,1
session victim,1
victim amtrac,1
amtrac folamour,1
folamour black,1
black loops,1
loops skee,1
skee mask,1
mask tsha,1
tsha hidden,1
spheres jesse,1
bru hnny,1
hnny nicolas,1
nicolas jaar,1
jaar lofi,1
house sampled,1
house vintage,1
vintage samples,1
samples warped,1
warped synths,1
synths warm,1
warm buzz,1
buzz nostalgia,1
nostalgia outsider,1
outsider float,1
float raw,1
raw deep,1
amp sampled,1
updated reg,1
reg lofi,1
mix fidde,1
fidde slim,1
hustla subjoi,1
subjoi missing,1
tracks billie,1
billie eilish,1
eilish bossa,1
nova lewii,1
lewii edit,1
edit fidde,1
fidde things,1
things dont,1
dont slim,1
hustla codeine,1
codeine cups,1
cups feat,1
feat youtube,1
watch chilled,1
chilled dub,1
dub deep,1
house slav,1
youtube deep,1
selection deep,1
house breaks,1
breaks garage,1
garage artwork,1
artwork victo,1
victo ngai,1
ngai lofi,1
playlist featuring,1
featuring tracks,1
tracks midnight,1
drive mix,1
youtube cover,1
cover melville,1
melville lofi,1
lofi stonerhouse,1
stonerhouse katarakt,1
katarakt tracks,1
tracks famous,1
famous stonerhouse,1
stonerhouse series,1
series katarakt,1
katarakt deep,1
house silk,1
silk chicago,1
chicago york,1
york detroit,1
detroit groove,1
bar cafe,1
cafe chill,1
relax work,1
work soulful,1
soulful sensual,1
sensual vibes,1
vibes touch,1
touch jazz,1
jazz classics,1
classics floppy,1
floppy life,1
life kyle,1
kyle hall,1
hall abacus,1
abacus lower,1
lower theory,1
theory oliver,1
oliver upstairs,1
upstairs asylum,1
asylum chad,1
chad pulley,1
pulley pepe,1
pepe bradock,1
bradock deep,1
deep burnt,1
burnt morgan,1
morgan geist,1
geist hanna,1
hanna time,1
time hotel,1
hotel soofle,1
soofle phortune,1
phortune unity,1
unity lofi,1
bass chill,1
chill tech,1
type stuff,1
stuff lofi,1
lofi sounds,1
sounds comfy,1
comfy clouds,1
clouds chill,1
missing subishi,1
subishi time,1
time mall,1
grab yung,1
yung lean,1
lean agony,1
agony poolboi,1
poolboi remix,1
remix viktor,1
viktor crabeels,1
crabeels falling,1
falling floating,1
floating lands,1
lands kettenkarussell,1
kettenkarussell baltra,1
tears daso,1
daso upstairs,1
upstairs wastin,1
wastin young,1
young years,1
years bilka,1
bilka edit,1
edit rising,1
rising morning,1
morning groove,1
lofi instrumental,1
hop ambient,1
house dusk,1
dusk dawn,1
dawn warm,1
warm sunrise,1
sunrise sets,1
sets minimal,1
progressive atmospheric,1
atmospheric intergalatic,1
intergalatic house,1
techno party,1
hollts glitterball,1
glitterball float,1
float deep,1
deep sort,1
sort gt,1
gt jazz,1
house sum,1
sum house,1
house things,1
things melodic,1
amp amp,1
amp odd,1
odd groovy,1
groovy beat,1
beat picture,1
picture google,1
google ting,1
ting chill,1
music freshest,1
freshest deep,1
chilled lounge,1
lounge vibes,1
vibes established,1
artists deep,1
deep chillout,1
chillout classic,1
classic dance,1
dance music,1
music href,1
href biglink,1
biglink chillselect,1
chillselect chill,1
electronica synth,1
synth ambient,1
ambient nu,1
jazz soul,1
funk chillhop,1
chillhop turntablism,1
turntablism downtempo,1
downtempo float,1
instrumental indietronica,1
indietronica lofi,1
disco electro,1
electro swing,1
swing dub,1
dub hip,1
hop experimental,1
experimental big,1
big beats,1
beats chilli,1
chilli chill,1
chill contrary,1
contrary spicy,1
spicy dish,1
dish playlist,1
playlist provide,1
provide great,1
great sense,1
sense ease,1
ease comfort,1
comfort mixture,1
mixture chill,1
jazz served,1
served lower,1
lower decibels,1
decibels chilled,1
house loft,1
loft music,1
music ultimate,1
ultimate lofi,1
chillhop ambient,1
ambient study,1
relax big,1
music compiled,1
compiled playlists,1
playlists chilledcow,1
chilledcow chillhop,1
chillhop music,1
music sonder,1
sonder house,1
house coding,1
coding relax,1
study office,1
office background,1
music lp,1
lp collection,1
collection selection,1
selection favourite,1
favourite albums,1
albums hip,1
lofi lobby,1
lobby list,1
list low,1
low tech,1
tracks akin,1
akin yonnor,1
yonnor snail,1
house shalfi,1
shalfi limbo,1
limbo lofi,1
lofi bossa,1
bossa japanese,1
japanese cover,1
cover pixel,1
pixel remakes,1
remakes songs,1
songs feat,1
feat slider,1
slider lowkey,1
lowkey house,1
house afrobeat,1
instrumentals kitoko,1
kitoko sound,1
sound selection,1
selection afrobeat,1
instrumentals chill,1
chill dance,1
dance work,1
work amp,1
amp fun,1
fun african,1
african lofi,1
lofi afrobeats,1
afrobeats afro,1
house dancehall,1
dancehall afro,1
afro pop,1
pop beats,1
beats inspire,1
inspire lofi,1
bangers hip,1
hop chilled,1
hiphop mix,1
playlist basilisk,1
basilisk href,1
playlist lumina,1
lumina vibe,1
vibe href,1
playlist lennon,1
lennon chill,1
garage punk,1
punk chilled,1
house continuing,1
continuing house,1
music beats,1
hop vibes,1
ai retro,1
retro zip,1
zip summer,1
house welofi,1
welofi recordings,1
recordings outsider,1
outsider deep,1
music dance,1
dance underground,1
underground sounding,1
sounding eelf,1
eelf moskalus,1
moskalus boiler,1
boiler room,1
room raw,1
raw russian,1
russian clipp,1
clipp art,1
art baltra,1
baltra rinse,1
rinse mall,1
grab computer,1
data moma,1
moma ready,1
ready meg,1
meg ward,1
ward mell,1
mell slav,1
slav href,1
instagram welofi,1
welofi minimum,1
minimum lofi,1
chill chilled,1
house cool,1
cool vibes,1
lofi poolside,1
poolside radio,1
radio pool,1
pool playlist,1
playlist beach,1
beach balearic,1
balearic chilled,1
house italo,1
italo slow,1
slow disco,1
lofi ambeint,1
ambeint dub,1
dub downtempo,1
lounge summer,1
summer soundtrack,1
soundtrack good,1
chill compression,1
compression cylinders,1
cylinders lofi,1
house psychadelic,1
psychadelic electro,1
electro impulse,1
impulse tech,1
dance sun,1
sun rising,1
rising house,1
edm mix,1
mix edm,1
edm music,1
picked owl,1
lofi owl,1
sleep work,1
work deep,1
picked loffi,1
loffi hip,1
funky piano,1
house sof,1
sof house,1
tech chillout,1
chillout chillout,1
chillout downtempo,1
lounge ambient,1
relax lolifi,1
lolifi hip,1
lofi hacking,1
hacking quot,1
quot outlawing,1
outlawing hacking,1
hacking stopped,1
stopped quot,1
quot chill,1
liquid chillhop,1
hop artists,1
artists month,1
month lofi,1
songs latehaze,1
latehaze mix,1
mix light,1
light techno,1
techno light,1
light house,1
lofi personal,1
personal favourite,1
favourite walking,1
walking running,1
late running,1
late haze,1
haze slow,1
slow songs,1
songs deep,1
techno studying,1
working perfect,1
working deep,1
working edm,1
edm studying,1
studying techno,1
techno songs,1
working chilled,1
bass boosted,1
boosted horrorcore,1
horrorcore dark,1
dark trap,1
trap power,1
power bass,1
house street,1
street workout,1
workout drill,1
drill underground,1
underground hiphop,1
hiphop bass,1
bass drops,1
drops hard,1
hard bass,1
bass phonk,1
phonk bass,1
house twerk,1
twerk trap,1
trap asian,1
hiphop slap,1
slap house,1
house dubstep,1
dubstep dnb,1
dnb chill,1
drill chilled,1
house save,1
save missing,1
missing vhs,1
vhs boring,1
michael jan,1
jan soto,1
soto place,1
place endofthestory,1
endofthestory ape,1
ape nigo,1
nigo realfriends,1
realfriends paperkraft,1
paperkraft marco,1
marco lazovic,1
lazovic dance,1
house slim,1
hustla pls,1
pls upload,1
upload night,1
patrollin lofi,1
house zara,1
zara playlist,1
playlist shoping,1
shoping mall,1
mall playlist,1
playlist car,1
car radio,1
chill dark,1
dark road,1
road baby,1
baby girl,1
girl ya,1
ya lofi,1
house milky,1
milky lofi,1
party electronica,1
house curated,1
curated hoc,1
hoc records,1
records instagram,1
instagram adhocrecords,1
adhocrecords updated,1
playlist moodyman,1
moodyman kerri,1
kerri chandler,1
chandler mark,1
mark blair,1
blair omar,1
omar detroit,1
detroit swingle,1
swingle frankie,1
frankie knuckles,1
knuckles terrence,1
terrence parker,1
parker jayda,1
jayda marc,1
marc romboy,1
romboy bellaire,1
bellaire germain,1
germain jesse,1
bru marc,1
marc brauner,1
brauner theo,1
theo parrish,1
parrish loure,1
loure groovy,1
groovy tech,1
set deep,1
lofi alliant,1
alliant chill,1
music drop,1
drop lofi,1
techno breaks,1
breaks deep,1
house cuts,1
cuts sound,1
sound night,1
night techno,1
techno electronic,1
electronic ambient,1
ambient vibes,1
chill stoner,1
stoner techno,1
techno techhouse,1
techhouse deep,1
house stoned,1
stoned amp,1
amp meet,1
meet space,1
space aliens,1
aliens floaty,1
mix floaty,1
picked kraken,1
electronica organic,1
beats organic,1
pop trip,1
amp downtempo,1
sleep focus,1
focus code,1
code work,1
work concentration,1
concentration yoga,1
yoga original,1
original music,1
music kraken,1
music label,1
label updated,1
jazz productive,1
session good,1
good productive,1
session drawing,1
drawing painting,1
painting cleaning,1
cleaning house,1
reading book,1
book cooking,1
cooking studying,1
studying brainstorming,1
brainstorming jazz,1
grooves discover,1
discover playlist,1
playlist href,1
spoti afro,1
afro funky,1
house artists,1
artists href,1
bit doncarlosspoty,1
doncarlosspoty carlos,1
carlos href,1
bit ltjxperience,1
ltjxperience ltj,1
ltj xperience,1
xperience href,1
spoti black,1
black mighty,1
mighty wax,1
wax zone,1
zone house,1
house grind,1
grind lofi,1
hop jazz,1
jazz beats,1
classics songs,1
songs relax,1
place chill,1
study focus,1
focus rlaxing,1
rlaxing day,1
day chill,1
chill indie,1
indie house,1
lofi playlists,1
playlists profile,1
profile submit,1
submit music,1
music shorturl,1
shorturl advjs,1
advjs chai,1
chai chilled,1
house synth,1
synth hip,1
hop free,1
free art,1
art pin,1
pin sound,1
sound jazzhop,1
jazzhop href,1
study href,1
playlist chillhop,1
playlist latino,1
latino href,1
playlist brasileiro,1
brasileiro href,1
playlist classical,1
classical drill,1
drill href,1
japanese chillhop,1
playlist focus,1
focus beats,1
playlist beats,1
playlist vgm,1
vgm href,1
everynoise jazz,1
house tea,1
tea house,1
lofi city,1
city hop,1
house cill,1
cill house,1
lofi hub,1
hub radio,1
dub outsider,1
chill type,1
type haus,1
haus lofi,1
house hoodies,1
hoodies rainy,1
rainy days,1
days lofi,1
house compilation,1
compilation raining,1
raining playlist,1
playlist moody,1
moody dark,1
dark perfect,1
perfect cuddling,1
cuddling couch,1
couch driving,1
driving rain,1
ai liquid,1
electric monday,1
monday morning,1
house feeling,1
feeling house,1
house listening,1
listening lofi,1
lofi groovers,1
groovers chill,1
chill groove,1
groove lofi,1
ai chilled,1
chilled tech,1
tech hold,1
hold mate,1
mate chill,1
sleep kidding,1
kidding lofi,1
house tbf,1
tbf chill,1
house tokyo,1
tokyo beat,1
house set,1
set dance,1
dance slow,1
music minecraft,1
minecraft lofi,1
lofi finish,1
finish house,1
house tomorrow,1
tomorrow school,1
school study,1
lowfi techno,1
techno lounge,1
funky thanggg,1
thanggg mix,1
mix disco,1
liquid chill,1
soul vibeeeeeeeee,1
vibeeeeeeeee lofi,1
relax lightseeds,1
lightseeds ries,1
ries melodic,1
house chillhouse,1
chillhouse ambient,1
hop kinda,1
kinda lofi,1
lofi blend,1
blend lofi,1
lofi loops,1
loops liven,1
liven soul,1
lofi atc,1
atc roughly,1
roughly replicates,1
replicates playlist,1
playlist lofiatc,1
lofiatc lad,1
lad lofi,1
chill club,1
groovy hip,1
house essentials,1
essentials house,1
house characterized,1
characterized modern,1
modern house,1
music quot,1
quot lofi,1
lofi quot,1
quot sound,1
sound inspired,1
inspired decades,1
decades house,1
school rave,1
rave music,1
music breakbeat,1
breakbeat acid,1
acid jungle,1
jungle artists,1
artists included,1
included baltra,1
baltra computer,1
data mall,1
grab ross,1
friends omar,1
omar kettama,1
kettama lofi,1
sounds feel,1
happy euphoric,1
euphoric gorgeous,1
gorgeous fresh,1
fresh type,1
type house,1
music perfect,1
playlist summers,1
summers day,1
day lofi,1
house omar,1
omar lofi,1
house selects,1
selects lofi,1
house spinnin,1
spinnin lofi,1
house cloudy,1
cloudy deep,1
dub ambient,1
house beachside,1
beachside lofi,1
missing theos,1
theos rhodes,1
rhodes trip,1
trip djacuzzi,1
djacuzzi instinct,1
instinct closed,1
closed paradise,1
paradise secrets,1
secrets meemo,1
meemo therez,1
therez brawther,1
brawther black,1
black feeling,1
feeling request,1
request mstks,1
mstks kursakow,1
kursakow sun,1
sun gun,1
gun baiu,1
baiu love,1
love paperkraft,1
paperkraft lofi,1
studying work,1
work reading,1
reading disco,1
anthems nu,1
house ready,1
ready groove,1
groove ultimate,1
ultimate collection,1
collection disco,1
anthems timeless,1
timeless classics,1
classics modern,1
modern gems,1
gems playlist,1
playlist celebrates,1
celebrates vibrant,1
vibrant feel,1
good spirit,1
spirit disco,1
disco infused,1
infused infectious,1
infectious energy,1
energy house,1
music day,1
day night,1
night funky,1
jazzy disco,1
lofi techy,1
techy house,1
downtempo north,1
north african,1
african brazilian,1
brazilian good,1
good stuff,1
stuff chilled,1
chilled day,1
day groooovin,1
groooovin night,1
night emblem,1
rain playlist,1
playlist dear,1
dear sit,1
relax rainy,1
rainy vibe,1
vibe downtempo,1
house class,1
class lofi,1
disco jazz,1
house reggae,1
reggae lofi,1
dub progressi,1
progressi spaghetti,1
spaghetti deep,1
lofi soft,1
soft beats,1
study peeps,1
peeps chill,1
upbeat chill,1
lowfi hiphop,1
remixes chill,1
house sad,1
sad lofi,1
house gems,1
gems body,1
body amp,1
amp soul,1
soul lofi,1
house cbd,1
cbd chaos,1
chaos lofi,1
techno fusion,1
fusion mix,1
mix mix,1
tracks time,1
house japanese,1
japanese undeground,1
undeground house,1
music deephouse,1
deephouse lofihouse,1
lofihouse jazzyhouse,1
jazzyhouse detroithouse,1
detroithouse downtempo,1
house bien,1
bien deep,1
deep trae,1
trae unas,1
unas vibras,1
vibras repente,1
repente lofi,1
minimal ufff,1
ufff update,1
update lofi,1
house parkland,1
parkland walk,1
walk lofi,1
lofi outsider,1
selection spending,1
spending time,1
time disused,1
disused tunnel,1
tunnel regelbau,1
regelbau esque,1
esque lofi,1
house noon,1
noon goons,1
goons kick,1
kick amp,1
amp relax,1
lofi uppers,1
uppers mood,1
mood sam,1
sam sunday,1
sunday cig,1
cig sessions,1
sessions portion,1
portion lofi,1
lofi prog,1
prog lofi,1
lofi housework,1
housework check,1
check carefully,1
selection housework,1
housework playlist,1
radio mix,1
life background,1
background instrumental,1
relax unwind,1
unwind peacefully,1
peacefully relax,1
relax enjoy,1
playlist carefully,1
carefully mixed,1
mixed housework,1
housework mellow,1
mellow lofi,1
lofi gentle,1
gentle house,1
deep housey,1
housey music,1
music jackin,1
lofi style,1
style music,1
playlistdjs updated,1
funky jackin,1
playlistdjs morning,1
morning fog,1
fog lofi,1
house listen,1
listen coffee,1
coffee putyouon,1
putyouon music,1
music group,1
group official,1
playlist city,1
city jazz,1
mix hip,1
hop progress,1
progress funky,1
studying house,1
house dont,1
dont lofi,1
lofi spotify,1
spotify wrapped,1
wrapped retrowave,1
retrowave lofi,1
house yoga,1
yoga lofi,1
university lofi,1
university essential,1
covers chilled,1
chilled housey,1
housey shit,1
shit lofi,1
sci hip,1
rap soul,1
lofi detroit,1
detroit house,1
house cozy,1
cozy lofi,1
house cooking,1
cooking lofi,1
lofi feel,1
good jazzy,1
playlist experience,1
experience deepest,1
deepest chillest,1
chillest songs,1
songs history,1
history influenced,1
influenced disco,1
disco sound,1
sound vibe,1
vibe soul,1
house suggestions,1
suggestions instagram,1
instagram timowielink,1
timowielink eclectic,1
eclectic electronica,1
electronica carefully,1
sounds feed,1
feed mind,1
mind lofi,1
ambient mainstream,1
mainstream updated,1
weekly dazed,1
dazed confused,1
confused pleasant,1
pleasant music,1
chill garage,1
garage outsider,1
hop jungle,1
jungle liquid,1
dnb introspective,1
introspective grooves,1
breaks funk,1
funk techno,1
tech amp,1
amp funky,1
breaks introspection,1
introspection work,1
work lofi,1
house optimise,1
optimise concentration,1
concentration levels,1
levels lofi,1
party warming,1
warming boogie,1
boogie chill,1
tunes pool,1
parties lofi,1
dubstep extended,1
extended mix,1
mix extended,1
extended version,1
version lofi,1
dubstep chillstep,1
chillstep future,1
garage deep,1
house enjoy,1
enjoy created,1
created mix,1
mix dubstepgutter,1
dubstepgutter delete,1
delete dsg,1
dsg video,1
video discleamer,1
discleamer songs,1
songs complete,1
complete lofi,1
jazz club,1
club easy,1
listening upbeat,1
upbeat vibes,1
chilled tracks,1
tracks genres,1
genres emphasis,1
emphasis jazz,1
vibes updated,1
regularly easy,1
listening jazz,1
jazz fusion,1
fusion jazz,1
hop tropical,1
disco instrumental,1
instrumental lofi,1
beats hip,1
hop fkj,1
fkj moods,1
moods masego,1
masego ras,1
ras maribou,1
maribou state,1
state barry,1
barry swim,1
swim jesse,1
jesse james,1
james tom,1
tom misch,1
misch house,1
vibes deep,1
house future,1
future house,1
house christian,1
christian lofi,1
house unbeliever,1
unbeliever backslidden,1
backslidden believer,1
believer born,1
born jesus,1
jesus calling,1
calling today,1
today dm,1
dm socials,1
socials john,1
john quot,1
quot god,1
god loved,1
loved begotten,1
begotten son,1
son whosoever,1
whosoever believeth,1
believeth perish,1
perish everlasting,1
everlasting life,1
life quot,1
quot studios,1
studios set,1
set lofi,1
deep deep,1
house tulum,1
tulum sad,1
sad mellow,1
electronic synthpop,1
synthpop breakbeat,1
breakbeat chill,1
chill bar,1
bar beats,1
beats salt,1
salt vibes,1
vibes beach,1
beach bar,1
chill pint,1
pint vibes,1
house dreamhop,1
dreamhop happy,1
lofi daily,1
daily dose,1
dose happiness,1
happiness selection,1
selection uplifting,1
uplifting lofi,1
beats brighten,1
brighten day,1
day feel,1
happy submissions,1
submissions dreamhop,1
dreamhop genres,1
genres jazzhop,1
jazzhop chillhop,1
hiphop perfect,1
perfect work,1
work cook,1
cook play,1
play video,1
games study,1
study sport,1
sport enjoy,1
enjoy fest,1
fest house,1
lofi rnb,1
rnb girlrap,1
girlrap techno,1
techno spanish,1
spanish afrobeat,1
afrobeat funky,1
grooves lofi,1
hop lounge,1
loft soft,1
lofi hits,1
hits lofi,1
lofi electronic,1
classics closedonsundayy,1
closedonsundayy chillhouse,1
chillhouse chill,1
house mellow,1
lofi melodic,1
night city,1
city lofi,1
songs chilled,1
vgm radio,1
radio save,1
save point,1
point lost,1
lost tree,1
tree foreteller,1
foreteller lofi,1
chill tunnel,1
tunnel workflow,1
workflow enjoy,1
enjoy amp,1
amp share,1
share gram,1
gram listening,1
listening tag,1
tag deniscebulec,1
deniscebulec lofi,1
house pen,1
pen dance,1
amp garage,1
garage pen,1
pen records,1
records catalog,1
catalog songs,1
songs composed,1
composed henry,1
henry homesweet,1
homesweet released,1
released aliases,1
aliases complete,1
complete houssentials,1
houssentials house,1
tracks place,1
place youtube,1
youtube lofihoussentials,1
lofihoussentials disco,1
disco minimal,1
minimal classic,1
house general,1
general house,1
house underwater,1
underwater space,1
space party,1
disco techno,1
techno extravaganza,1
extravaganza night,1
night tube,1
tube lofi,1
house boppers,1
boppers kid,1
kid summer,1
house futur,1
futur disco,1
house broken,1
broken beats,1
beats picked,1
picked tracks,1
tracks crates,1
crates cross,1
cross summer,1
summer playable,1
playable randomly,1
randomly level,1
level hours,1
house floaty,1
floaty lofi,1
house simple,1
simple music,1
music bugs,1
bugs bop,1
bop stick,1
stick bug,1
bug music,1
music slav,1
house genre,1
genre funky,1
groovy jazzy,1
jazzy music,1
music listen,1
listen completely,1
completely tits,1
tits lighten,1
lighten mood,1
mood simple,1
simple beats,1
playlist codes,1
codes blueberry,1
blueberry href,1
playlist factor,1
factor unlimited,1
unlimited href,1
playlist sailing,1
sailing arrest,1
arrest alkaline,1
alkaline alkaline,1
alkaline collective,1
collective inclusive,1
inclusive age,1
age lowkey,1
lowkey techno,1
house hell,1
hell lofi,1
radio kareem,1
kareem ali,1
ali tom,1
tom vr,1
vr jasper,1
jasper tygner,1
tygner lofi,1
playlist jazzy,1
house gingerhead,1
gingerhead woodcock,1
woodcock winter,1
winter mix,1
mix features,1
features lofi,1
rap house,1
chill classics,1
classics amp,1
amp surprises,1
surprises lofi,1
radio jorge,1
jorge milliano,1
milliano koisu,1
koisu discret,1
discret popescu,1
popescu lofi,1
loft lofi,1
rap finest,1
finest lofi,1
amp underground,1
underground hip,1
rap soothing,1
soothing hip,1
amp chill,1
chill boombap,1
boombap beats,1
beats music,1
music likes,1
likes loyle,1
loyle carner,1
carner subculture,1
subculture sage,1
sage benaddict,1
benaddict frankie,1
frankie stew,1
stew harvey,1
harvey gunn,1
gunn nix,1
nix northwest,1
northwest kofi,1
kofi stone,1
stone lausse,1
lausse cat,1
cat amp,1
beats lotr,1
lotr chill,1
chill mood,1
relaxing chill,1
chill beat,1
music soul,1
soul type,1
type soul,1
soul beat,1
type beat,1
beat lofi,1
music rnb,1
rnb rnb,1
music chillout,1
chillout trap,1
trap beat,1
beat amp,1
amp afro,1
afro type,1
type lofi,1
house classic,1
house french,1
french house,1
house grime,1
grime bassline,1
bassline funky,1
lofi essential,1
chill funky,1
radio soulrez,1
soulrez obento,1
obento sun,1
sun chill,1
house fodlan,1
winds emblem,1
chill version,1
nodbard chill,1
house short,1
short lofi,1
radio jimmy,1
jimmy atelier,1
atelier kris,1
kris sugga,1
sugga foreteller,1
foreteller chill,1
lee lofiline,1
lofiline chill,1
house memories,1
radio bearbare,1
bearbare iwl,1
iwl lofi,1
lofi tazzy,1
tazzy stay,1
radio mik,1
mik shinra,1
shinra aleta,1
aleta chill,1
house low,1
low funk,1
funk slow,1
mix slow,1
picked jazz,1
house sax,1
sax lofi,1
study rote,1
rote kappe,1
kappe freestyle,1
freestyle lofi,1
radio freddisson,1
freddisson otpendia,1
otpendia lil,1
lil london,1
london lofi,1
study radio,1
frogbeats drugs,1
drugs lofi,1
study money,1
money lofi,1
study manja,1
manja kaatu,1
kaatu maina,1
maina lofi,1
msk bad,1
bad guy,1
radio enna,1
enna enna,1
enna lofi,1
house pure,1
pure chill,1
chill master,1
master mix,1
radio urban,1
urban lofi,1
house outro,1
outro lofi,1
radio oliver,1
oliver hoss,1
hoss alejandro,1
alejandro olivares,1
olivares angel,1
angel crest,1
attiki ghost,1
house link,1
margins stay,1
lee mina,1
mina chill,1
lofi houses,1
wlhr chill,1
xtha promise,1
kanjigo wanna,1
wanna stay,1
radio lion,1
lion natasha,1
natasha kotori,1
kotori justcosplaysings,1
justcosplaysings evan,1
flora hiphop,1
house glass,1
lofi breakbeat,1
breakbeat elektro,1
elektro carefully,1
selected things,1
things elektro,1
elektro breaks,1
breaks jungle,1
jungle dnb,1
dnb dreamy,1
dreamy uplifting,1
uplifting ghetto,1
ghetto love,1
love updating,1
updating developing,1
developing playlist,1
playlist add,1
add songs,1
songs hope,1
hope enjoy,1
chill lounge,1
house mafia,1
mafia radio,1
radio skateboarding,1
skateboarding music,1
edm fest,1
fest low,1
low chillhop,1
chillhop pathu,1
pathu murai,1
murai lofi,1
mix radio,1
house thada,1
thada thada,1
thada raila,1
raila lofi,1
surya lofi,1
beats mellow,1
mellow rap,1
rap bars,1
bars instagram,1
chillhop beats,1
beats lowk,1
lowk house,1
hip pop,1
pop chill,1
lofi cub,1
cub house,1
lofi tokyo,1
tokyo lofi,1
hiphop guru,1
guru loficentral,1
loficentral chill,1
house blue,1
blue house,1
radio house,1
house belong,1
belong emblem,1
jazz piano,1
piano version,1
nodbard house,1
radio nai,1
nai nai,1
nai shadows,1
shadows house,1
cadred soft,1
radio lounge,1
lounge ibiza,1
ibiza chill,1
sunset cafe,1
cafe chilled,1
chilled memories,1
lounge theme,1
theme owl,1
wlhr owl,1
xtha tearing,1
tearing heaven,1
heaven rain,1
vgm fodlan,1
winds rain,1
vgm ghost,1
vgm promise,1
tape stay,1
radio musicality,1
musicality class,1
class errol,1
errol allen,1
allen rondo,1
rondo sunflower,1
sunflower house,1
house ponyo,1
cadred chill,1
house protector,1
protector realm,1
realm house,1
shinra glass,1
lofi phonk,1
phonk house,1
radio akeeni,1
akeeni shiruku,1
shiruku shiiva,1
shiiva raw,1
raw lofi,1
study mix,1
chill href,1
frogbeats href,1
playlist disco,1
chill japan,1
japan lofi,1
study hip,1
study night,1
night lofi,1
radio kiss,1
kiss forever,1
forever lofi,1
hop relaxed,1
relaxed beats,1
beats soulful,1
house scroll,1
scroll lounge,1
lounge grab,1
grab coffee,1
coffee tea,1
tea watch,1
watch rain,1
rain cascade,1
cascade splash,1
splash window,1
window worry,1
worry phone,1
phone lounge,1
house uplifting,1
uplifting piano,1
house piano,1
anthems dancefloor,1
dancefloor lofi,1
lofi crate,1
crate chill,1
beats vibe,1
vibe high,1
high chill,1
house recollection,1
recollection regret,1
regret emblem,1
attiki stay,1
radio nemu,1
nemu aki,1
aki dreams,1
dreams sakura,1
sakura sunset,1
attiki chillhouse,1
chillhouse rondo,1
rondo house,1
house sunflowers,1
sunflowers ponyo,1
radio shoyo,1
shoyo hinata,1
hinata luv,1
luv eira,1
eira scheper,1
scheper crest,1
vgm lofi,1
hiphop emblem,1
theme emblem,1
xtha gazing,1
gazing sirius,1
sirius emblem,1
attiki aether,1
aether house,1
house pokemon,1
pokemon sun,1
sun moon,1
moon lofi,1
radio sepolia,1
sepolia tree,1
tree hapspee,1
hapspee helluva,1
helluva boss,1
boss house,1
house asmodeus,1
asmodeus lofi,1
xtha chill,1
house write,1
write house,1
vgm blue,1
blue skies,1
skies battle,1
battle emblem,1
house lonely,1
lonely figure,1
figure emblem,1
vgm chill,1
house ocarina,1
ocarina time,1
time sped,1
sped lofi,1
radio nightcore,1
nightcore dreamers,1
dreamers nightcore,1
nightcore love,1
love nightcore,1
nightcore otaku,1
otaku place,1
kanjigo prince,1
prince promised,1
promised house,1
shinra chill,1
lofi latte,1
latte radio,1
radio pines,1
pines tealousy,1
tealousy francis,1
francis doom,1
doom soulhop,1
soulhop lofi,1
playlist pat,1
pat fontes,1
fontes href,1
slow motion,1
motion href,1
playlist ocean,1
ocean relaxing,1
study yeh,1
yeh sham,1
sham mastani,1
mastani lofi,1
radio abhinav,1
abhinav parmar,1
parmar lofi,1
radio michael,1
michael milano,1
milano audio,1
audio flora,1
flora club,1
club life,1
life lofi,1
music sleepy,1
sleepy jazz,1
jazz aesthetic,1
aesthetic hiphop,1
hiphop lofibeats,1
lofibeats beats,1
beats vaporwave,1
vaporwave chill,1
vibes anime,1
anime rap,1
rap art,1
art boombap,1
boombap aesthetic,1
aesthetic snow,1
snow emo,1
emo crying,1
crying weeping,1
weeping wallow,1
wallow moody,1
moody spring,1
spring cozy,1
cozy dark,1
dark academia,1
academia coffee,1
girl april,1
april sottangalla,1
sottangalla lofi,1
msk lofi,1
radio tapes,1
tapes listen,1
listen study,1
study pass,1
pass lofi,1
radio leon,1
leon sommer,1
sommer elle,1
elle leigh,1
leigh aradhya,1
aradhya telugu,1
telugu lofi,1
surya upbeat,1
covers jazzhop,1
lofi loffy,1
loffy hiphop,1
vibes sit,1
sit unwind,1
unwind softer,1
softer downtempo,1
downtempo beats,1
beats variety,1
variety artists,1
artists genres,1
genres lofi,1
chillhop uplifting,1
uplifting house,1
hiphop piano,1
bangers chill,1
lofi jammers,1
jammers chill,1
house emblem,1
theme lofi,1
radio sms,1
sms dm,1
dm davide,1
davide costa,1
costa uwuchan,1
uwuchan stay,1
radio rojs,1
rojs melodyn,1
melodyn otaku,1
otaku girl,1
girl chilling,1
chilling house,1
house daily,1
daily lofi,1
radio edge,1
edge dawn,1
dawn emblem,1
vgm respite,1
respite sunlight,1
sunlight emblem,1
attiki promise,1
attiki owl,1
house opening,1
opening song,1
song lofi,1
xtha mixes,1
mixes chill,1
house dwellings,1
kanjigo evan,1
flora stay,1
lofi tohka,1
tohka tolson,1
tolson elendelle,1
elendelle inside,1
houses legend,1
vgm houses,1
wlhr coffee,1
coffee houser,1
houser sei,1
sei addata,1
addata aaj,1
aaj aar,1
aar nei,1
nei lofi,1
radio manna,1
manna dey,1
dey burman,1
burman hemant,1
hemant kumar,1
kumar inside,1
houses link,1
margins lofi,1
lofi place,1
kanjigo slow,1
lofi vocals,1
vocals lofi,1
covers radio,1
radio cover,1
songs lazy,1
lazy banana,1
banana lofi,1
lofi guy,1
selection signature,1
signature lofi,1
selection featuring,1
featuring fresh,1
fresh finds,1
finds established,1
artists russian,1
russian house,1
house kick,1
kick lofi,1
songs updated,1
deep dive,1
dive vibes,1
curated dant,1
dant dmarceline,1
dmarceline lofi,1
playlist relaxing,1
relaxing tracks,1
tracks obsdn,1
obsdn music,1
night drive,1
party house,1
groovy lofi,1
playlist including,1
including artists,1
artists mall,1
bdp subjoy,1
subjoy boring,1
boring fouk,1
fouk folamour,1
folamour sweely,1
sweely tracks,1
tracks included,1
included mall,1
grab mountain,1
mountain nina,1
nostalgia sweely,1
sweely cover,1
cover nina,1
nostalgia lofi,1
bangers tracks,1
tracks greatest,1
greatest lofi,1
songs pure,1
pure lofi,1
house definitive,1
definitive lofi,1
house immerse,1
immerse soothing,1
house spotify,1
playlist laid,1
laid beats,1
beats smooth,1
smooth melodies,1
melodies create,1
create perfect,1
perfect ambiance,1
ambiance relaxation,1
relaxation lofi,1
house lofihouse,1
lofihouse lofi,1
techno summer,1
summer goodvibes,1
goodvibes lofi,1
tracks artists,1
artists updated,1
updated overtime,1
overtime listen,1
listen lps,1
lps cover,1
cover smthng,1
smthng listening,1
listening tracks,1
beats collection,1
electronic favorites,1
music fall,1
fall asleep,1
asleep chill,1
study calm,1
deep chill,1
house paradise,1
hours paradise,1
curated listening,1
listening pleaasure,1
pleaasure sit,1
sit enjoy,1
enjoy updated,1
updated monthly,1
monthly shaolin,1
shaolin cowboy,1
cowboy monolithic,1
monolithic upper,1
upper class,1
class paluma,1
paluma sound,1
sound poolboi,1
poolboi missing,1
drop gijs,1
gijs cool,1
cool kids,1
kids boring,1
michael bloom,1
bloom wayward,1
wayward oriss,1
oriss lofi,1
study weekly,1
updated jazz,1
lofi curated,1
curated dazed,1
dazed sounds,1
sounds submissions,1
submissions requests,1
requests send,1
send dazedbysounds,1
dazedbysounds lofi,1
enjoy relaxing,1
relaxing progressive,1
progressive beats,1
grooves deep,1
lofi groove,1
groove deep,1
sounds varying,1
varying selected,1
selected madog,1
madog tropical,1
mix tropical,1
picked coffee,1
music coffee,1
lofi beautiful,1
beautiful lofi,1
beats playlist,1
playlist cafes,1
cafes caffeterias,1
caffeterias coffee,1
coffee houses,1
houses places,1
places chill,1
chill background,1
beats customers,1
customers lounge,1
lounge gym,1
dubstep morning,1
morning big,1
mood synthwave,1
reggaeton big,1
mood music,1
musiqueslibrededroit urbanmu,1
urbanmu club,1
club chill,1
house news,1
news music,1
reggaeton music,1
music independant,1
independant artists,1
artists synthwave,1
musiqueslibrededroit jazz,1
lofi stuff,1
stuff jazz,1
beats live,1
live life,1
life chill,1
house lofizzle,1
lofizzle lofi,1
lofi hiphope,1
hiphope lofi,1
lofi loficlass,1
loficlass maximum,1
maximum lushness,1
lushness good,1
house office,1
office house,1
